#
# There is insufficient memory for the Java Runtime Environment to continue.
# Native memory allocation (mmap) failed to map 65536 bytes. Error detail: Failed to commit metaspace.
# Possible reasons:
#   The system is out of physical RAM or swap space
#   This process is running with CompressedOops enabled, and the Java Heap may be blocking the growth of the native heap
# Possible solutions:
#   Reduce memory load on the system
#   Increase physical memory or swap space
#   Check if swap backing store is full
#   Decrease Java heap size (-Xmx/-Xms)
#   Decrease number of Java threads
#   Decrease Java thread stack sizes (-Xss)
#   Set larger code cache with -XX:ReservedCodeCacheSize=
#   JVM is running with Zero Based Compressed Oops mode in which the Java heap is
#     placed in the first 32GB address space. The Java Heap base address is the
#     maximum limit for the native heap growth. Please use -XX:HeapBaseMinAddress
#     to set the Java Heap base and to place the Java Heap above 32GB virtual address.
# This output file may be truncated or incomplete.
#
#  Out of Memory Error (virtualSpaceNode.cpp:113), pid=33684, tid=28372
#
# JRE version: Java(TM) SE Runtime Environment (25.0.1+8) (build 25.0.1+8-LTS-27)
# Java VM: Java HotSpot(TM) 64-Bit Server VM (25.0.1+8-LTS-27, mixed mode, emulated-client, sharing, tiered, compressed oops, compressed class ptrs, g1 gc, windows-amd64)
# No core dump will be written. Minidumps are not enabled by default on client versions of Windows
#

---------------  S U M M A R Y ------------

Command Line: -XX:TieredStopAtLevel=1 com.resumade.notification.NotificationServiceApplication

Host: 11th Gen Intel(R) Core(TM) i5-11400H @ 2.70GHz, 12 cores, 15G,  Windows 11 , 64 bit Build 26100 (10.0.26100.8246)
Time: Wed May  6 10:55:20 2026 India Standard Time elapsed time: 2.805826 seconds (0d 0h 0m 2s)

---------------  T H R E A D  ---------------

Current thread (0x000001f63f7c3440):  JavaThread "Thread-1"         [_thread_in_vm, id=28372, stack(0x0000003ba4c00000,0x0000003ba4d00000) (1024K)]

Stack: [0x0000003ba4c00000,0x0000003ba4d00000]
Native frames: (J=compiled Java code, j=interpreted, Vv=VM code, C=native code)
V  [jvm.dll+0x7a6b59]  (no source info available)
V  [jvm.dll+0x77290d]  (no source info available)
V  [jvm.dll+0x966153]  (no source info available)
V  [jvm.dll+0x968751]  (no source info available)
V  [jvm.dll+0x968e53]  (no source info available)
V  [jvm.dll+0x2fc756]  (no source info available)
V  [jvm.dll+0x96301e]  (no source info available)
V  [jvm.dll+0x73db64]  (no source info available)
V  [jvm.dll+0x258f08]  (no source info available)
V  [jvm.dll+0x258cce]  (no source info available)
V  [jvm.dll+0x74063d]  (no source info available)
V  [jvm.dll+0x740245]  (no source info available)
V  [jvm.dll+0x29b372]  (no source info available)
V  [jvm.dll+0x73e588]  (no source info available)
V  [jvm.dll+0x74a75c]  (no source info available)
V  [jvm.dll+0x302e14]  (no source info available)
V  [jvm.dll+0x30439b]  (no source info available)
V  [jvm.dll+0x282edd]  (no source info available)
V  [jvm.dll+0x2825fd]  (no source info available)
V  [jvm.dll+0x6689b5]  (no source info available)
V  [jvm.dll+0x8d5696]  (no source info available)
V  [jvm.dll+0x519692]  (no source info available)
V  [jvm.dll+0x51f108]  (no source info available)
C  [java.dll+0x17f2]  (no source info available)
C  0x000001f62f5152fa  (no source info available)

The last pc belongs to native nmethod (printed below).
Java frames: (J=compiled Java code, j=interpreted, Vv=VM code)
J 593  java.lang.ClassLoader.defineClass1(Ljava/lang/ClassLoader;Ljava/lang/String;[BIILjava/security/ProtectionDomain;Ljava/lang/String;)Ljava/lang/Class; java.base@25.0.1 (0 bytes) @ 0x000001f62f5152c1 [0x000001f62f515200+0x00000000000000c1]
J 1106 c1 java.lang.ClassLoader.defineClass(Ljava/lang/String;[BIILjava/security/ProtectionDomain;)Ljava/lang/Class; java.base@25.0.1 (43 bytes) @ 0x000001f62f5b7a24 [0x000001f62f5b7900+0x0000000000000124]
J 1090 c1 jdk.internal.loader.BuiltinClassLoader.defineClass(Ljava/lang/String;Ljdk/internal/loader/Resource;)Ljava/lang/Class; java.base@25.0.1 (121 bytes) @ 0x000001f62f5b439c [0x000001f62f5b3e00+0x000000000000059c]
J 1089 c1 jdk.internal.loader.BuiltinClassLoader.findClassOnClassPathOrNull(Ljava/lang/String;)Ljava/lang/Class; java.base@25.0.1 (38 bytes) @ 0x000001f62f5b24f4 [0x000001f62f5b2280+0x0000000000000274]
J 456 c1 jdk.internal.loader.BuiltinClassLoader.loadClassOrNull(Ljava/lang/String;Z)Ljava/lang/Class; java.base@25.0.1 (143 bytes) @ 0x000001f62f4e7dac [0x000001f62f4e7980+0x000000000000042c]
J 664 c1 jdk.internal.loader.BuiltinClassLoader.loadClass(Ljava/lang/String;Z)Ljava/lang/Class; java.base@25.0.1 (22 bytes) @ 0x000001f62f52c9dc [0x000001f62f52c980+0x000000000000005c]
J 663 c1 java.lang.ClassLoader.loadClass(Ljava/lang/String;)Ljava/lang/Class; java.base@25.0.1 (7 bytes) @ 0x000001f62f52c3d4 [0x000001f62f52c380+0x0000000000000054]
v  ~StubRoutines::call_stub 0x000001f62f1a12ed
J 1168  java.lang.Class.forName0(Ljava/lang/String;ZLjava/lang/ClassLoader;Ljava/lang/Class;)Ljava/lang/Class; java.base@25.0.1 (0 bytes) @ 0x000001f62f5c730f [0x000001f62f5c7280+0x000000000000008f]
J 1366 c1 java.lang.Class.forName(Ljava/lang/String;ZLjava/lang/ClassLoader;)Ljava/lang/Class; java.base@25.0.1 (8 bytes) @ 0x000001f62f5fc6ac [0x000001f62f5fc680+0x000000000000002c]
j  org.springframework.boot.autoconfigure.condition.FilteringSpringBootCondition.resolve(Ljava/lang/String;Ljava/lang/ClassLoader;)Ljava/lang/Class;+7
j  org.springframework.boot.autoconfigure.condition.FilteringSpringBootCondition$ClassNameFilter.isPresent(Ljava/lang/String;Ljava/lang/ClassLoader;)Z+10
j  org.springframework.boot.autoconfigure.condition.FilteringSpringBootCondition$ClassNameFilter$2.matches(Ljava/lang/String;Ljava/lang/ClassLoader;)Z+2
j  org.springframework.boot.autoconfigure.condition.OnClassCondition$StandardOutcomesResolver.getOutcome(Ljava/lang/String;Ljava/lang/ClassLoader;)Lorg/springframework/boot/autoconfigure/condition/ConditionOutcome;+5
j  org.springframework.boot.autoconfigure.condition.OnClassCondition$StandardOutcomesResolver.getOutcome(Ljava/lang/String;)Lorg/springframework/boot/autoconfigure/condition/ConditionOutcome;+49
j  org.springframework.boot.autoconfigure.condition.OnClassCondition$StandardOutcomesResolver.getOutcomes([Ljava/lang/String;IILorg/springframework/boot/autoconfigure/AutoConfigurationMetadata;)[Lorg/springframework/boot/autoconfigure/condition/ConditionOutcome;+55
j  org.springframework.boot.autoconfigure.condition.OnClassCondition$StandardOutcomesResolver.resolveOutcomes()[Lorg/springframework/boot/autoconfigure/condition/ConditionOutcome;+17
j  org.springframework.boot.autoconfigure.condition.OnClassCondition$ThreadedOutcomesResolver.lambda$new$0(Lorg/springframework/boot/autoconfigure/condition/OnClassCondition$OutcomesResolver;)V+2
j  org.springframework.boot.autoconfigure.condition.OnClassCondition$ThreadedOutcomesResolver$$Lambda+0x000000008a211aa8.run()V+8
j  java.lang.Thread.runWith(Ljava/lang/Object;Ljava/lang/Runnable;)V+5 java.base@25.0.1
j  java.lang.Thread.run()V+19 java.base@25.0.1
v  ~StubRoutines::call_stub 0x000001f62f1a12ed
Lock stack of current Java thread (top to bottom):
LockStack[0]: java.lang.Object 
{0x000000070fd8e888} - klass: 'java/lang/Object' - flags: 

 - ---- fields (total size 2 words):


Compiled method (n/a) 2886  593     n 0       java.lang.ClassLoader::defineClass1 (native)
 total in heap  [0x000001f62f515108,0x000001f62f515630] = 1320
 main code      [0x000001f62f515200,0x000001f62f51562e] = 1070
 stub code      [0x000001f62f51562e,0x000001f62f515630] = 2
 mutable data [0x000001f63a9b58d0,0x000001f63a9b58f0] = 32
 relocation     [0x000001f63a9b58d0,0x000001f63a9b58f0] = 32

[Constant Pool (empty)]

[MachCode]
[Entry Point]
  # {method} {0x00000000894a3f90} 'defineClass1' '(Ljava/lang/ClassLoader;Ljava/lang/String;[BIILjava/security/ProtectionDomain;Ljava/lang/String;)Ljava/lang/Class;' in 'java/lang/ClassLoader'
  # parm0:    rdx:rdx   = 'java/lang/ClassLoader'
  # parm1:    r8:r8     = 'java/lang/String'
  # parm2:    r9:r9     = '[B'
  # parm3:    rdi       = int
  # parm4:    rsi       = int
  # parm5:    rcx:rcx   = 'java/security/ProtectionDomain'
  # parm6:    [sp+0xa0]   = 'java/lang/String'  (sp of caller)
  0x000001f62f515200: 6690 448b | 5208 443b 

  0x000001f62f515208: ;   {runtime_call Shared Runtime ic_miss_blob}
  0x000001f62f515208: 5008 0f85 | d09a cdff 
[Verified Entry Point]
  0x000001f62f515210: 8984 2400 | 80ff ff55 | 488b ec48 | 81ec 9000 | 0000 6690 | 4181 7f20 | 0100 0000 

  0x000001f62f51522c: ;   {runtime_call Stub::method_entry_barrier}
  0x000001f62f51522c: 7405 e8ad | 13cc ff48 | 837d 1000 | 488d 4510 | 480f 4445 | 1048 8944 | 2440 4889 | 4c24 7048 
  0x000001f62f51524c: 83f9 0048 | 8d44 2470 | 480f 4444 | 2470 4889 | 4424 3848 | 8974 2430 | 4889 7c24 | 284c 894c 
  0x000001f62f51526c: 2458 4983 | f900 488d | 4424 5848 | 0f44 4424 | 5848 8944 | 2420 4c89 | 4424 5049 | 83f8 004c 
  0x000001f62f51528c: 8d4c 2450 | 4c0f 444c | 2450 4889 | 5424 4848 | 83fa 004c | 8d44 2448 | 4c0f 4444 

  0x000001f62f5152a8: ;   {oop(a 'java/lang/Class'{0x00000007ffe804b0} = 'java/lang/ClassLoader')}
  0x000001f62f5152a8: 2448 49be | b004 e8ff | 0700 0000 | 4c89 7424 | 784c 8d74 | 2478 498b | d6c5 f877 

  0x000001f62f5152c4: ;   {internal_word}
  0x000001f62f5152c4: 49ba c152 | 512f f601 | 0000 4d89 | 9730 0400 | 0049 89a7 | 2804 0000 | 498d 8f48 | 0400 0041 
  0x000001f62f5152e4: c787 d404 | 0000 0400 

  0x000001f62f5152ec: ;   {runtime_call}
  0x000001f62f5152ec: 0000 48b8 | a816 5fc9 | f97f 0000 | ffd0 c5f8 | 7741 c787 | d404 0000 | 0500 0000 | f083 4424 
  0x000001f62f51530c: c000 493b | 6f28 0f87 | 0e00 0000 | 4183 bfd0 | 0400 0000 | 0f84 2b00 | 0000 c5f8 | 7748 8945 
  0x000001f62f51532c: f849 8bcf | 4c8b e448 | 83ec 2048 

  0x000001f62f515338: ;   {runtime_call}
  0x000001f62f515338: 83e4 f048 | b8a0 ac1a | 89f9 7f00 | 00ff d049 | 8be4 4d33 | e448 8b45 | f841 c787 | d404 0000 
  0x000001f62f515358: 0800 0000 | 4183 bf50 | 0500 0002 | 0f84 9702 | 0000 49c7 | 8728 0400 | 0000 0000 | 0049 c787 
  0x000001f62f515378: 3004 0000 | 0000 0000 | c5f8 7748 | 85c0 0f84 | 3502 0000 | a803 0f85 | 0800 0000 | 488b 00e9 
  0x000001f62f515398: 2502 0000 | a801 0f85 | 0900 0000 | 488b 40fe | e914 0200 | 0048 8b40 | ff41 807f | 4800 0f84 
  0x000001f62f5153b8: 0502 0000 | 4883 f800 | 0f84 fb01 | 0000 498b | 4f38 4885 | c90f 8414 | 0000 0048 | 83e9 0849 
  0x000001f62f5153d8: 894f 3849 | 034f 4048 | 8901 e9da | 0100 0048 | 81ec f000 | 0000 4889 | 0424 4889 | 4c24 0848 
  0x000001f62f5153f8: 8954 2410 | 4c89 4424 | 184c 894c | 2420 4c89 | 5424 284c | 895c 2430 | c5fb 1144 | 2440 c5fb 
  0x000001f62f515418: 114c 2448 | c5fb 1154 | 2450 c5fb | 115c 2458 | c5fb 1164 | 2460 c5fb | 116c 2468 | 62e1 ff08 
  0x000001f62f515438: ;   {other}
  0x000001f62f515438: 1144 240e | 62e1 ff08 | 114c 240f | 62e1 ff08 | 1154 2410 | 62e1 ff08 | 115c 2411 | 62e1 ff08 
  0x000001f62f515458: 1164 2412 | 62e1 ff08 | 116c 2413 | 62e1 ff08 | 1174 2414 | 62e1 ff08 | 117c 2415 | 6261 ff08 
  0x000001f62f515478: 1144 2416 | 6261 ff08 | 114c 2417 | 6261 ff08 | 1154 2418 | 6261 ff08 | 115c 2419 | 6261 ff08 
  0x000001f62f515498: 1164 241a | 6261 ff08 | 116c 241b | 6261 ff08 | 1174 241c | 6261 ff08 | 117c 241d | 498b d748 
  0x000001f62f5154b8: 8bc8 4883 | ec20 40f6 | c40f 0f84 | 1900 0000 | 4883 ec08 

  0x000001f62f5154cc: ;   {runtime_call}
  0x000001f62f5154cc: 48b8 2076 | 0d89 f97f | 0000 ffd0 | 4883 c408 | e90c 0000 

  0x000001f62f5154e0: ;   {runtime_call}
  0x000001f62f5154e0: 0048 b820 | 760d 89f9 | 7f00 00ff | d048 83c4 | 2062 61ff | 0810 7c24 | 1d62 61ff | 0810 7424 
  0x000001f62f515500: 1c62 61ff | 0810 6c24 | 1b62 61ff | 0810 6424 | 1a62 61ff | 0810 5c24 | 1962 61ff | 0810 5424 
  0x000001f62f515520: 1862 61ff | 0810 4c24 | 1762 61ff | 0810 4424 | 1662 e1ff | 0810 7c24 | 1562 e1ff | 0810 7424 
  0x000001f62f515540: 1462 e1ff | 0810 6c24 | 1362 e1ff | 0810 6424 | 1262 e1ff | 0810 5c24 | 1162 e1ff | 0810 5424 
  0x000001f62f515560: 1062 e1ff | 0810 4c24 | 0f62 e1ff | 0810 4424 | 0ec5 fb10 | 6c24 68c5 | fb10 6424 | 60c5 fb10 
  0x000001f62f515580: 5c24 58c5 | fb10 5424 | 50c5 fb10 | 4c24 48c5 | fb10 4424 | 404c 8b5c | 2430 4c8b | 5424 284c 
  0x000001f62f5155a0: 8b4c 2420 | 4c8b 4424 | 1848 8b54 | 2410 488b | 4c24 0848 | 8b04 2448 | 81c4 f000 | 0000 c5f8 
  0x000001f62f5155c0: 7749 8b8f | b804 0000 | c781 0001 | 0000 0000 

  0x000001f62f5155d0: ;   {poll_return}
  0x000001f62f5155d0: 0000 c941 | f647 2801 

  0x000001f62f5155d8: ;   {internal_word}
  0x000001f62f5155d8: 7416 49ba | d355 512f | f601 0000 | 4d89 97e0 

  0x000001f62f5155e8: ;   {runtime_call SafepointBlob}
  0x000001f62f5155e8: 0400 00e9 | 70cc cdff | 4983 7f08 | 000f 8501 | 0000 00c3 

  0x000001f62f5155fc: ;   {runtime_call Stub::forward_exception}
  0x000001f62f5155fc: e9df bbc8 | ffc5 f877 | 4889 45f8 | 4c8b e448 | 83ec 2048 

  0x000001f62f515610: ;   {runtime_call}
  0x000001f62f515610: 83e4 f048 | b810 f753 | 89f9 7f00 | 00ff d049 | 8be4 4d33 | e448 8b45 | f8e9 3cfd | ffff f4f4 
[/MachCode]


Compiled method (c1) 2907 1106       1       java.lang.ClassLoader::defineClass (43 bytes)
 total in heap  [0x000001f62f5b7808,0x000001f62f5b7b40] = 824
 main code      [0x000001f62f5b7900,0x000001f62f5b7ac8] = 456
 stub code      [0x000001f62f5b7ac8,0x000001f62f5b7b40] = 120
 mutable data [0x000001f63f1b2510,0x000001f63f1b25b8] = 168
 relocation     [0x000001f63f1b2510,0x000001f63f1b2578] = 104
 metadata       [0x000001f63f1b2578,0x000001f63f1b25b8] = 64
 immutable data [0x000001f63f1ac6a0,0x000001f63f1ac838] = 408
 dependencies   [0x000001f63f1ac6a0,0x000001f63f1ac6b8] = 24
 nul chk table  [0x000001f63f1ac6b8,0x000001f63f1ac6e0] = 40
 scopes pcs     [0x000001f63f1ac6e0,0x000001f63f1ac780] = 160
 scopes data    [0x000001f63f1ac780,0x000001f63f1ac838] = 184

[Constant Pool (empty)]

[MachCode]
[Instructions begin]
  0x000001f62f5b7900: 6666 660f | 1f84 0000 | 0000 0066 | 6666 9066 | 6690 448b | 5208 443b 

  0x000001f62f5b7918: ;   {runtime_call Shared Runtime ic_miss_blob}
  0x000001f62f5b7918: 5008 0f85 | c073 c3ff 
[Verified Entry Point]
  0x000001f62f5b7920: 8984 2400 | 80ff ff55 | 4881 ecb0 | 0000 0090 | 4181 7f20 | 0100 0000 

  0x000001f62f5b7938: ;   {runtime_call Stub::method_entry_barrier}
  0x000001f62f5b7938: 7405 e8a1 | ecc1 ff48 | 8954 2478 | 89b4 2494 | 0000 0089 | bc24 9000 | 0000 4c89 | 8c24 8800 
  0x000001f62f5b7958: 0000 498b | d84c 8bc3 | 4c8b c948 | 8bca 488b | d148 899c | 2480 0000 | 0066 0f1f 

  0x000001f62f5b7974: ;   {optimized virtual_call}
  0x000001f62f5b7974: 4400 00e8 

  0x000001f62f5b7978: ; ImmutableOopMap {[120]=Oop [128]=Oop [136]=Oop }
                      ;*invokevirtual preDefineClass {reexecute=0 rethrow=0 return_oop=0}
                      ; - java.lang.ClassLoader::defineClass@4 (line 960)
  0x000001f62f5b7978: a412 0000 

  0x000001f62f5b797c: ;   {post_call_nop}
  0x000001f62f5b797c: 0f1f 8400 | 7401 0000 | 4889 8424 | 9800 0000 

  0x000001f62f5b798c: ; implicit exception: dispatches to 0x000001f62f5b7a6f
  0x000001f62f5b798c: 448b 4010 | 49c1 e003 | 4d85 c00f | 850f 0000 

  0x000001f62f5b799c: ;   {oop(nullptr)}
  0x000001f62f5b799c: 0048 bb00 | 0000 0000 | 0000 00e9 | 4300 0000 

  0x000001f62f5b79ac: ; implicit exception: dispatches to 0x000001f62f5b7a74
  0x000001f62f5b79ac: 458b 400c | 49c1 e003 | 4d85 c00f | 850f 0000 

  0x000001f62f5b79bc: ;   {oop(nullptr)}
  0x000001f62f5b79bc: 0048 bb00 | 0000 0000 | 0000 00e9 | 2300 0000 

  0x000001f62f5b79cc: ; implicit exception: dispatches to 0x000001f62f5b7a79
  0x000001f62f5b79cc: 418b 5038 | 48c1 e203 

  0x000001f62f5b79d4: ; implicit exception: dispatches to 0x000001f62f5b7a7e
                      ;   {optimized virtual_call}
  0x000001f62f5b79d4: 483b 02e8 

  0x000001f62f5b79d8: ; ImmutableOopMap {[120]=Oop [128]=Oop [136]=Oop [152]=Oop }
                      ;*invokevirtual toExternalForm {reexecute=0 rethrow=0 return_oop=0}
                      ; - java.net.URL::toExternalForm@5 (line 1153)
                      ; - java.net.URL::toString@1 (line 1139)
                      ; - java.lang.ClassLoader::defineClassSourceLocation@22 (line 864)
                      ; - java.lang.ClassLoader::defineClass@12 (line 961)
  0x000001f62f5b79d8: 4429 f5ff 

  0x000001f62f5b79dc: ;   {post_call_nop}
  0x000001f62f5b79dc: 0f1f 8400 | d401 0001 | 488b d848 | 8b84 2498 | 0000 008b | b424 9400 | 0000 8bbc | 2490 0000 
  0x000001f62f5b79fc: 004c 8b8c | 2488 0000 | 004c 8b84 | 2480 0000 | 0048 8b54 | 2478 4c8b | da49 8bd3 | 488b c848 
  0x000001f62f5b7a1c: ;   {static_call}
  0x000001f62f5b7a1c: 891c 24e8 

  0x000001f62f5b7a20: ; ImmutableOopMap {[120]=Oop [152]=Oop }
                      ;*invokestatic defineClass1 {reexecute=0 rethrow=0 return_oop=0}
                      ; - java.lang.ClassLoader::defineClass@27 (line 962)
  0x000001f62f5b7a20: ecd7 f5ff 

  0x000001f62f5b7a24: ;   {post_call_nop}
  0x000001f62f5b7a24: 0f1f 8400 | 1c02 0002 | 4c8b c04c | 8b8c 2498 | 0000 0048 | 8b54 2478 | 4889 8424 | a000 0000 
  0x000001f62f5b7a44: ;   {optimized virtual_call}
  0x000001f62f5b7a44: 6666 90e8 

  0x000001f62f5b7a48: ; ImmutableOopMap {[160]=Oop }
                      ;*invokevirtual postDefineClass {reexecute=0 rethrow=0 return_oop=0}
                      ; - java.lang.ClassLoader::defineClass@37 (line 963)
  0x000001f62f5b7a48: 5402 0000 

  0x000001f62f5b7a4c: ;   {post_call_nop}
  0x000001f62f5b7a4c: 0f1f 8400 | 4402 0003 | 488b 8424 | a000 0000 | 4881 c4b0 | 0000 005d 

  0x000001f62f5b7a64: ;   {poll_return}
  0x000001f62f5b7a64: 493b 6728 | 0f87 1500 

  0x000001f62f5b7a6c: ;   {runtime_call C1 Runtime throw_null_pointer_exception_blob}
  0x000001f62f5b7a6c: 0000 c3e8 

  0x000001f62f5b7a70: ; ImmutableOopMap {rax=Oop [120]=Oop [128]=Oop [136]=Oop [152]=Oop }
                      ;*invokevirtual getCodeSource {reexecute=0 rethrow=0 return_oop=0}
                      ; - java.lang.ClassLoader::defineClassSourceLocation@1 (line 861)
                      ; - java.lang.ClassLoader::defineClass@12 (line 961)
  0x000001f62f5b7a70: ec29 cfff 

  0x000001f62f5b7a74: ;   {runtime_call C1 Runtime throw_null_pointer_exception_blob}
  0x000001f62f5b7a74: e8e7 29cf 

  0x000001f62f5b7a78: ; ImmutableOopMap {rax=Oop [120]=Oop [128]=Oop [136]=Oop [152]=Oop }
                      ;*invokevirtual getLocation {reexecute=0 rethrow=0 return_oop=0}
                      ; - java.lang.ClassLoader::defineClassSourceLocation@12 (line 863)
                      ; - java.lang.ClassLoader::defineClass@12 (line 961)
                      ;   {runtime_call C1 Runtime throw_null_pointer_exception_blob}
  0x000001f62f5b7a78: ffe8 e229 

  0x000001f62f5b7a7c: ; ImmutableOopMap {r8=Oop [120]=Oop [128]=Oop [136]=Oop [152]=Oop }
                      ;*invokevirtual toString {reexecute=0 rethrow=0 return_oop=0}
                      ; - java.lang.ClassLoader::defineClassSourceLocation@22 (line 864)
                      ; - java.lang.ClassLoader::defineClass@12 (line 961)
                      ;   {runtime_call C1 Runtime throw_null_pointer_exception_blob}
  0x000001f62f5b7a7c: cfff e8dd 

  0x000001f62f5b7a80: ; ImmutableOopMap {r8=Oop rdx=Oop [120]=Oop [128]=Oop [136]=Oop [152]=Oop }
                      ;*invokevirtual toExternalForm {reexecute=0 rethrow=0 return_oop=0}
                      ; - java.net.URL::toExternalForm@5 (line 1153)
                      ; - java.net.URL::toString@1 (line 1139)
                      ; - java.lang.ClassLoader::defineClassSourceLocation@22 (line 864)
                      ; - java.lang.ClassLoader::defineClass@12 (line 961)
                      ;   {internal_word}
  0x000001f62f5b7a80: 29cf ff49 | ba64 7a5b | 2ff6 0100 | 004d 8997 | e004 0000 

  0x000001f62f5b7a94: ;   {runtime_call SafepointBlob}
  0x000001f62f5b7a94: e9c7 a7c3 | ff49 8b87 | 8805 0000 | 49c7 8788 | 0500 0000 | 0000 0049 | c787 9005 | 0000 0000 
  0x000001f62f5b7ab4: 0000 4881 | c4b0 0000 

  0x000001f62f5b7abc: ;   {runtime_call C1 Runtime unwind_exception_blob}
  0x000001f62f5b7abc: 005d e99d | 1acf fff4 | f4f4 f4f4 
[Stub Code]
  0x000001f62f5b7ac8: ;   {other}
  0x000001f62f5b7ac8: 0f1f 4400 

  0x000001f62f5b7acc: ;   {static_stub}
  0x000001f62f5b7acc: 0048 bb00 | 0000 0000 

  0x000001f62f5b7ad4: ;   {runtime_call nmethod}
  0x000001f62f5b7ad4: 0000 00e9 | fbff ffff 

  0x000001f62f5b7adc: ;   {static_stub}
  0x000001f62f5b7adc: 48bb 0000 | 0000 0000 

  0x000001f62f5b7ae4: ;   {runtime_call nmethod}
  0x000001f62f5b7ae4: 0000 e9fb 

  0x000001f62f5b7ae8: ;   {static_stub}
  0x000001f62f5b7ae8: ffff ff48 | bb00 0000 | 0000 0000 

  0x000001f62f5b7af4: ;   {runtime_call nmethod}
  0x000001f62f5b7af4: 00e9 fbff 

  0x000001f62f5b7af8: ;   {static_stub}
  0x000001f62f5b7af8: ffff 48bb | 0000 0000 | 0000 0000 

  0x000001f62f5b7b04: ;   {runtime_call nmethod}
  0x000001f62f5b7b04: e9fb ffff 

  0x000001f62f5b7b08: ;   {runtime_call C1 Runtime handle_exception_from_callee_blob}
  0x000001f62f5b7b08: ffe8 d24f 

  0x000001f62f5b7b0c: ;   {external_word}
  0x000001f62f5b7b0c: cfff 48b9 | 4808 7d89 | f97f 0000 | 4883 e4f0 

  0x000001f62f5b7b1c: ;   {runtime_call}
  0x000001f62f5b7b1c: 48b8 008d | 4089 f97f | 0000 ffd0 

  0x000001f62f5b7b28: ;   {section_word}
  0x000001f62f5b7b28: f449 ba29 | 7b5b 2ff6 | 0100 0041 

  0x000001f62f5b7b34: ;   {runtime_call DeoptimizationBlob}
  0x000001f62f5b7b34: 52e9 a68e | c3ff f4f4 | f4f4 f4f4 
[/MachCode]


Compiled method (c1) 2920 1090       1       jdk.internal.loader.BuiltinClassLoader::defineClass (121 bytes)
 total in heap  [0x000001f62f5b3d08,0x000001f62f5b4658] = 2384
 main code      [0x000001f62f5b3e00,0x000001f62f5b4538] = 1848
 stub code      [0x000001f62f5b4538,0x000001f62f5b4658] = 288
 mutable data [0x000001f63f1b8ba0,0x000001f63f1b8d40] = 416
 relocation     [0x000001f63f1b8ba0,0x000001f63f1b8ce8] = 328
 metadata       [0x000001f63f1b8ce8,0x000001f63f1b8d40] = 88
 immutable data [0x000001f63f1aba20,0x000001f63f1abe70] = 1104
 dependencies   [0x000001f63f1aba20,0x000001f63f1aba40] = 32
 nul chk table  [0x000001f63f1aba40,0x000001f63f1aba60] = 32
 handler table  [0x000001f63f1aba60,0x000001f63f1aba78] = 24
 scopes pcs     [0x000001f63f1aba78,0x000001f63f1abc18] = 416
 scopes data    [0x000001f63f1abc18,0x000001f63f1abe70] = 600

[Constant Pool (empty)]

[MachCode]
[Instructions begin]
  0x000001f62f5b3e00: 6666 660f | 1f84 0000 | 0000 0066 | 6666 9066 | 6690 448b | 5208 443b 

  0x000001f62f5b3e18: ;   {runtime_call Shared Runtime ic_miss_blob}
  0x000001f62f5b3e18: 5008 0f85 | c0ae c3ff 
[Verified Entry Point]
  0x000001f62f5b3e20: 8984 2400 | 80ff ff55 | 4881 ec00 | 0100 0090 | 4181 7f20 | 0100 0000 

  0x000001f62f5b3e38: ;   {runtime_call Stub::method_entry_barrier}
  0x000001f62f5b3e38: 7405 e8a1 | 27c2 ff48 | 8994 24a0 | 0000 004c | 8984 2490 | 0000 004c | 898c 2498 | 0000 0049 
  0x000001f62f5b3e58: 8bd1 6666 | 9048 b830 | 0b9d 3af6 

  0x000001f62f5b3e64: ;   {virtual_call}
  0x000001f62f5b3e64: 0100 00e8 

  0x000001f62f5b3e68: ; ImmutableOopMap {[144]=Oop [152]=Oop [160]=Oop }
                      ;*invokevirtual getCodeSourceURL {reexecute=0 rethrow=0 return_oop=0}
                      ; - jdk.internal.loader.BuiltinClassLoader::defineClass@1 (line 756)
  0x000001f62f5b3e68: a656 0000 

  0x000001f62f5b3e6c: ;   {post_call_nop}
  0x000001f62f5b3e6c: 0f1f 8400 | 6401 0000 | 4889 8424 | a800 0000 | 4c8b 8424 | 9000 0000 

  0x000001f62f5b3e84: ; implicit exception: dispatches to 0x000001f62f5b4438
  0x000001f62f5b3e84: 418b 7014 | 48c1 e603 

  0x000001f62f5b3e8c: ; implicit exception: dispatches to 0x000001f62f5b443d
  0x000001f62f5b3e8c: 8b56 0c45 | 0fbe 4810 | 498b c9c1 | e118 c1f9 | 18d3 fa48 | 8bfa ffcf | 4585 c9ba | 0000 0000 
  0x000001f62f5b3eac: 7505 ba01 | 0000 0083 | e201 85d2 | 488b d641 | b82e 0000 | 004c 8bcf | 0f84 1700 | 0000 0f1f 
  0x000001f62f5b3ecc: ;   {static_call}
  0x000001f62f5b3ecc: 4400 00e8 

  0x000001f62f5b3ed0: ; ImmutableOopMap {[144]=Oop [152]=Oop [160]=Oop [168]=Oop }
                      ;*invokestatic lastIndexOf {reexecute=0 rethrow=0 return_oop=0}
                      ; - java.lang.String::lastIndexOf@13 (line 2638)
                      ; - java.lang.String::lastIndexOf@8 (line 2600)
                      ; - jdk.internal.loader.BuiltinClassLoader::defineClass@8 (line 759)
  0x000001f62f5b3ed0: 2c73 d0ff 

  0x000001f62f5b3ed4: ;   {post_call_nop}
  0x000001f62f5b3ed4: 0f1f 8400 | cc01 0001 | e913 0000 | 0066 0f1f 

  0x000001f62f5b3ee4: ;   {static_call}
  0x000001f62f5b3ee4: 4400 00e8 

  0x000001f62f5b3ee8: ; ImmutableOopMap {[144]=Oop [152]=Oop [160]=Oop [168]=Oop }
                      ;*invokestatic lastIndexOf {reexecute=0 rethrow=0 return_oop=0}
                      ; - java.lang.String::lastIndexOf@25 (line 2639)
                      ; - java.lang.String::lastIndexOf@8 (line 2600)
                      ; - jdk.internal.loader.BuiltinClassLoader::defineClass@8 (line 759)
  0x000001f62f5b3ee8: f4bc c3ff 

  0x000001f62f5b3eec: ;   {post_call_nop}
  0x000001f62f5b3eec: 0f1f 8400 | e401 0002 | 83f8 ff0f | 847f 0000 | 0041 b800 | 0000 004c | 8bc8 488b | 9424 9000 
  0x000001f62f5b3f0c: ;   {optimized virtual_call}
  0x000001f62f5b3f0c: 0000 90e8 

  0x000001f62f5b3f10: ; ImmutableOopMap {[144]=Oop [152]=Oop [160]=Oop [168]=Oop }
                      ;*invokevirtual substring {reexecute=0 rethrow=0 return_oop=0}
                      ; - jdk.internal.loader.BuiltinClassLoader::defineClass@23 (line 761)
  0x000001f62f5b3f10: 0c3e eeff 

  0x000001f62f5b3f14: ;   {post_call_nop}
  0x000001f62f5b3f14: 0f1f 8400 | 0c02 0003 | 488b 9424 | 9800 0000 | 4889 8424 | b000 0000 | 9048 b858 | 0b9d 3af6 
  0x000001f62f5b3f34: ;   {virtual_call}
  0x000001f62f5b3f34: 0100 00e8 

  0x000001f62f5b3f38: ; ImmutableOopMap {[144]=Oop [152]=Oop [160]=Oop [168]=Oop [176]=Oop }
                      ;*invokevirtual getManifest {reexecute=0 rethrow=0 return_oop=0}
                      ; - jdk.internal.loader.BuiltinClassLoader::defineClass@29 (line 762)
  0x000001f62f5b3f38: d667 0000 

  0x000001f62f5b3f3c: ;   {post_call_nop}
  0x000001f62f5b3f3c: 0f1f 8400 | 3402 0004 | 4c8b 8424 | b000 0000 | 4c8b c848 | 8bbc 24a8 | 0000 0048 | 8b94 24a0 
  0x000001f62f5b3f5c: 0000 0066 | 0f1f 4400 | 0048 b880 | 0b9d 3af6 

  0x000001f62f5b3f6c: ;   {virtual_call}
  0x000001f62f5b3f6c: 0100 00e8 

  0x000001f62f5b3f70: ; ImmutableOopMap {[144]=Oop [152]=Oop [160]=Oop [168]=Oop }
                      ;*invokevirtual defineOrCheckPackage {reexecute=0 rethrow=0 return_oop=0}
                      ; - jdk.internal.loader.BuiltinClassLoader::defineClass@40 (line 763)
  0x000001f62f5b3f70: 9eec ffff 

  0x000001f62f5b3f74: ;   {post_call_nop}
  0x000001f62f5b3f74: 0f1f 8400 | 6c02 0005 | 4c8b 8c24 | 9800 0000 | 488d 9424 | e000 0000 | 4c89 4a08 | 498b 0141 
  0x000001f62f5b3f94: 8bb7 d806 | 0000 81fe | 2807 0000 | 0f8d 9c04 | 0000 4d3b | 4c37 f80f | 8425 0000 | 00a8 020f 
  0x000001f62f5b3fb4: 8589 0400 | 0048 8bf0 | 4883 e6fe | 4883 c801 | f049 0fb1 | 310f 8573 | 0400 0041 | 8bb7 d806 
  0x000001f62f5b3fd4: 0000 4d89 | 0c37 83c6 | 0841 89b7 | d806 0000 | 418b 510c | 48c1 e203 | 4885 d20f | 8553 0000 
  0x000001f62f5b3ff4: 0049 8bd1 | 0f1f 4400 | 0048 b8a8 | 0b9d 3af6 

  0x000001f62f5b4004: ;   {virtual_call}
  0x000001f62f5b4004: 0100 00e8 

  0x000001f62f5b4008: ; ImmutableOopMap {[144]=Oop [152]=Oop [160]=Oop [168]=Oop [232]=Oop }
                      ;*invokevirtual getInputStream {reexecute=0 rethrow=0 return_oop=0}
                      ; - jdk.internal.loader.Resource::cachedInputStream@9 (line 76)
                      ; - jdk.internal.loader.Resource::getByteBuffer@1 (line 133)
                      ; - jdk.internal.loader.BuiltinClassLoader::defineClass@45 (line 767)
  0x000001f62f5b4008: 867b 0000 

  0x000001f62f5b400c: ;   {post_call_nop}
  0x000001f62f5b400c: 0f1f 8400 | 0403 0006 | 410f be57 | 4885 d24c | 8b8c 2498 | 0000 000f | 852c 0400 | 004c 8bd0 
  0x000001f62f5b402c: 49c1 ea03 | 4589 510c | 498b d148 | 33d0 48c1 | ea15 4883 | fa00 0f85 | 2d04 0000 | 418b 510c 
  0x000001f62f5b404c: 48c1 e203 | 488d 8424 | e000 0000 | 488b 7808 | 418b b7d8 | 0600 0049 | 3b7c 37f8 | 0f85 1f04 
  0x000001f62f5b406c: 0000 4183 | afd8 0600 | 0008 493b | 7c37 f00f | 842a 0000 | 0048 8b07 | a802 0f85 | 1200 0000 
  0x000001f62f5b408c: 488b f048 | 83ce 01f0 | 480f b137 | 0f84 0d00 | 0000 4183 | 87d8 0600 | 0008 e9e2 | 0300 0048 
  0x000001f62f5b40ac: 85d2 0f84 | 3f00 0000 

  0x000001f62f5b40b4: ;   {metadata('sun/nio/ByteBuffered')}
  0x000001f62f5b40b4: 48b8 2867 | 4289 0000 | 0000 8b5a | 0841 ba00 | 0000 8949 | 03da 483b | 4320 0f84 | 2400 0000 
  0x000001f62f5b40d4: 483b d80f | 841b 0000 

  0x000001f62f5b40dc: ;   {runtime_call C1 Runtime slow_subtype_check_blob}
  0x000001f62f5b40dc: 0053 50e8 | fc95 cfff | 5b5b 85db | 0f84 0500 | 0000 e905 | 0000 0048 | 33f6 eb05 | be01 0000 
  0x000001f62f5b40fc: 0085 f60f | 8464 0000 | 0048 85d2 | 0f84 3f00 

  0x000001f62f5b410c: ;   {metadata('sun/nio/ByteBuffered')}
  0x000001f62f5b410c: 0000 48bb | 2867 4289 | 0000 0000 | 8b7a 0841 | ba00 0000 | 8949 03fa | 483b 5f20 | 0f84 1f00 
  0x000001f62f5b412c: 0000 483b | fb0f 8416 | 0000 0057 

  0x000001f62f5b4138: ;   {runtime_call C1 Runtime slow_subtype_check_blob}
  0x000001f62f5b4138: 53e8 a295 | cfff 5f5f | 85ff 0f84 | 5b03 0000 | e900 0000 | 0048 b8d0 | 0b9d 3af6 

  0x000001f62f5b4154: ;   {virtual_call}
  0x000001f62f5b4154: 0100 00e8 

  0x000001f62f5b4158: ; ImmutableOopMap {[144]=Oop [152]=Oop [160]=Oop [168]=Oop }
                      ;*invokeinterface getByteBuffer {reexecute=0 rethrow=0 return_oop=0}
                      ; - jdk.internal.loader.Resource::getByteBuffer@16 (line 135)
                      ; - jdk.internal.loader.BuiltinClassLoader::defineClass@45 (line 767)
  0x000001f62f5b4158: 84b5 c3ff 

  0x000001f62f5b415c: ;   {post_call_nop}
  0x000001f62f5b415c: 0f1f 8400 | 5404 0007 | e90a 0000 

  0x000001f62f5b4168: ;   {oop(nullptr)}
  0x000001f62f5b4168: 0048 b800 | 0000 0000 | 0000 0048 | 85c0 0f84 | fb00 0000 | 4889 8424 | b800 0000 | 488b 9424 
  0x000001f62f5b4188: 9800 0000 | 9048 b8f8 | 0b9d 3af6 

  0x000001f62f5b4194: ;   {virtual_call}
  0x000001f62f5b4194: 0100 00e8 

  0x000001f62f5b4198: ; ImmutableOopMap {[144]=Oop [160]=Oop [168]=Oop [184]=Oop }
                      ;*invokevirtual getCodeSigners {reexecute=0 rethrow=0 return_oop=0}
                      ; - jdk.internal.loader.BuiltinClassLoader::defineClass@56 (line 769)
  0x000001f62f5b4198: 44b5 c3ff 

  0x000001f62f5b419c: ;   {post_call_nop}
  0x000001f62f5b419c: 0f1f 8400 | 9404 0008 

  0x000001f62f5b41a4: ;   {metadata('java/security/CodeSource')}
  0x000001f62f5b41a4: 4c8b c848 | ba78 9d1c | 8900 0000 | 0049 8b87 | c801 0000 | 488d 7828 | 493b bfd8 | 0100 000f 
  0x000001f62f5b41c4: 87e3 0200 | 0049 89bf | c801 0000 | 48c7 0001 | 0000 0048 | 8bca 41ba | 0000 0089 | 492b ca89 
  0x000001f62f5b41e4: 4808 4833 | c989 480c | 4833 c948 | 8948 1048 | 8948 1848 | 8948 204c | 8b84 24a8 | 0000 0048 
  0x000001f62f5b4204: 8bd0 4889 | 8424 c000 

  0x000001f62f5b420c: ;   {optimized virtual_call}
  0x000001f62f5b420c: 0000 90e8 

  0x000001f62f5b4210: ; ImmutableOopMap {[144]=Oop [160]=Oop [184]=Oop [192]=Oop }
                      ;*invokespecial <init> {reexecute=0 rethrow=0 return_oop=0}
                      ; - jdk.internal.loader.BuiltinClassLoader::defineClass@68 (line 770)
  0x000001f62f5b4210: ccaf c3ff 

  0x000001f62f5b4214: ;   {post_call_nop}
  0x000001f62f5b4214: 0f1f 8400 | 0c05 0009 | 4c8b 8424 | c000 0000 | 488b 9424 | a000 0000 

  0x000001f62f5b422c: ;   {optimized virtual_call}
  0x000001f62f5b422c: 6666 90e8 

  0x000001f62f5b4230: ; ImmutableOopMap {[144]=Oop [160]=Oop [184]=Oop }
                      ;*invokevirtual getProtectionDomain {reexecute=0 rethrow=0 return_oop=0}
                      ; - java.security.SecureClassLoader::defineClass@5 (line 176)
                      ; - jdk.internal.loader.BuiltinClassLoader::defineClass@79 (line 771)
  0x000001f62f5b4230: acaf c3ff 

  0x000001f62f5b4234: ;   {post_call_nop}
  0x000001f62f5b4234: 0f1f 8400 | 2c05 000a | 4c8b 8424 | 9000 0000 | 4c8b 8c24 | b800 0000 | 488b f848 | 8b94 24a0 
  0x000001f62f5b4254: ;   {optimized virtual_call}
  0x000001f62f5b4254: 0000 00e8 

  0x000001f62f5b4258: ; ImmutableOopMap {}
                      ;*invokevirtual defineClass {reexecute=0 rethrow=0 return_oop=0}
                      ; - java.security.SecureClassLoader::defineClass@8 (line 176)
                      ; - jdk.internal.loader.BuiltinClassLoader::defineClass@79 (line 771)
  0x000001f62f5b4258: 84af c3ff 

  0x000001f62f5b425c: ;   {post_call_nop}
  0x000001f62f5b425c: 0f1f 8400 | 5405 000b | 4881 c400 | 0100 005d 

  0x000001f62f5b426c: ;   {poll_return}
  0x000001f62f5b426c: 493b 6728 | 0f87 4302 | 0000 c34c | 8b8c 2498 | 0000 0049 | 8bd1 6666 | 9048 b820 | 0c9d 3af6 
  0x000001f62f5b428c: ;   {virtual_call}
  0x000001f62f5b428c: 0100 00e8 

  0x000001f62f5b4290: ; ImmutableOopMap {[144]=Oop [152]=Oop [160]=Oop [168]=Oop }
                      ;*invokevirtual getBytes {reexecute=0 rethrow=0 return_oop=0}
                      ; - jdk.internal.loader.BuiltinClassLoader::defineClass@84 (line 773)
  0x000001f62f5b4290: 7e6f 0000 

  0x000001f62f5b4294: ;   {post_call_nop}
  0x000001f62f5b4294: 0f1f 8400 | 8c05 000c | 4889 8424 | c800 0000 | 488b 9424 | 9800 0000 | 9048 b848 | 0c9d 3af6 
  0x000001f62f5b42b4: ;   {virtual_call}
  0x000001f62f5b42b4: 0100 00e8 

  0x000001f62f5b42b8: ; ImmutableOopMap {[144]=Oop [160]=Oop [168]=Oop [200]=Oop }
                      ;*invokevirtual getCodeSigners {reexecute=0 rethrow=0 return_oop=0}
                      ; - jdk.internal.loader.BuiltinClassLoader::defineClass@90 (line 774)
  0x000001f62f5b42b8: 566c 0000 

  0x000001f62f5b42bc: ;   {post_call_nop}
  0x000001f62f5b42bc: 0f1f 8400 | b405 000d 

  0x000001f62f5b42c4: ;   {metadata('java/security/CodeSource')}
  0x000001f62f5b42c4: 4c8b c848 | ba78 9d1c | 8900 0000 | 0049 8b87 | c801 0000 | 488d 7828 | 493b bfd8 | 0100 000f 
  0x000001f62f5b42e4: 87e6 0100 | 0049 89bf | c801 0000 | 48c7 0001 | 0000 0048 | 8bca 41ba | 0000 0089 | 492b ca89 
  0x000001f62f5b4304: 4808 4833 | c989 480c | 4833 c948 | 8948 1048 | 8948 1848 | 8948 204c | 8b84 24a8 | 0000 0048 
  0x000001f62f5b4324: 8bd0 4889 | 8424 d000 

  0x000001f62f5b432c: ;   {optimized virtual_call}
  0x000001f62f5b432c: 0000 90e8 

  0x000001f62f5b4330: ; ImmutableOopMap {[144]=Oop [160]=Oop [200]=Oop [208]=Oop }
                      ;*invokespecial <init> {reexecute=0 rethrow=0 return_oop=0}
                      ; - jdk.internal.loader.BuiltinClassLoader::defineClass@102 (line 775)
  0x000001f62f5b4330: 6c28 0000 

  0x000001f62f5b4334: ;   {post_call_nop}
  0x000001f62f5b4334: 0f1f 8400 | 2c06 000e | 488b 8424 | c800 0000 

  0x000001f62f5b4344: ; implicit exception: dispatches to 0x000001f62f5b44dc
  0x000001f62f5b4344: 8b70 0c4c | 8b84 24d0 | 0000 0048 | 8b94 24a0 | 0000 0089 | b424 d800 

  0x000001f62f5b435c: ;   {optimized virtual_call}
  0x000001f62f5b435c: 0000 90e8 

  0x000001f62f5b4360: ; ImmutableOopMap {[144]=Oop [160]=Oop [200]=Oop }
                      ;*invokevirtual getProtectionDomain {reexecute=0 rethrow=0 return_oop=0}
                      ; - java.security.SecureClassLoader::defineClass@9 (line 144)
                      ; - jdk.internal.loader.BuiltinClassLoader::defineClass@117 (line 776)
  0x000001f62f5b4360: 3c21 0000 

  0x000001f62f5b4364: ;   {post_call_nop}
  0x000001f62f5b4364: 0f1f 8400 | 5c06 000f | 4c8b 8424 | 9000 0000 | 4c8b 8c24 | c800 0000 | bf00 0000 | 008b b424 
  0x000001f62f5b4384: d800 0000 | 488b c848 | 8b94 24a0 | 0000 000f 

  0x000001f62f5b4394: ;   {optimized virtual_call}
  0x000001f62f5b4394: 1f40 00e8 

  0x000001f62f5b4398: ; ImmutableOopMap {}
                      ;*invokevirtual defineClass {reexecute=0 rethrow=0 return_oop=0}
                      ; - java.security.SecureClassLoader::defineClass@12 (line 144)
                      ; - jdk.internal.loader.BuiltinClassLoader::defineClass@117 (line 776)
  0x000001f62f5b4398: 8435 0000 

  0x000001f62f5b439c: ;   {post_call_nop}
  0x000001f62f5b439c: 0f1f 8400 | 9406 0010 | 4881 c400 | 0100 005d 

  0x000001f62f5b43ac: ;   {poll_return}
  0x000001f62f5b43ac: 493b 6728 | 0f87 2b01 | 0000 c349 | 8b87 8805 | 0000 4d33 | d24d 8997 | 8805 0000 | 4d33 d24d 
  0x000001f62f5b43cc: 8997 9005 | 0000 488b | f048 8d84 | 24e0 0000 | 0048 8b58 | 0841 8bbf | d806 0000 | 493b 5c3f 
  0x000001f62f5b43ec: f80f 8504 | 0100 0041 | 83af d806 | 0000 0849 | 3b5c 3ff0 | 0f84 2a00 | 0000 488b | 03a8 020f 
  0x000001f62f5b440c: 8512 0000 | 0048 8bf8 | 4883 cf01 | f048 0fb1 | 3b0f 840d | 0000 0041 | 8387 d806 | 0000 08e9 
  0x000001f62f5b442c: c700 0000 | 488b c6e9 | f200 0000 

  0x000001f62f5b4438: ;   {runtime_call C1 Runtime throw_null_pointer_exception_blob}
  0x000001f62f5b4438: e823 60cf 

  0x000001f62f5b443c: ; ImmutableOopMap {rax=Oop r8=Oop [144]=Oop [152]=Oop [160]=Oop [168]=Oop }
                      ;*invokevirtual lastIndexOf {reexecute=0 rethrow=0 return_oop=0}
                      ; - jdk.internal.loader.BuiltinClassLoader::defineClass@8 (line 759)
                      ;   {runtime_call C1 Runtime throw_null_pointer_exception_blob}
  0x000001f62f5b443c: ffe8 1e60 

  0x000001f62f5b4440: ; ImmutableOopMap {rax=Oop r8=Oop rsi=Oop [144]=Oop [152]=Oop [160]=Oop [168]=Oop }
                      ;*arraylength {reexecute=0 rethrow=0 return_oop=0}
                      ; - java.lang.String::length@4 (line 1583)
                      ; - java.lang.String::lastIndexOf@3 (line 2600)
                      ; - jdk.internal.loader.BuiltinClassLoader::defineClass@8 (line 759)
  0x000001f62f5b4440: cfff 4c89 | 4c24 0848 

  0x000001f62f5b4448: ;   {runtime_call C1 Runtime monitorenter_nofpu_blob}
  0x000001f62f5b4448: 8914 24e8 

  0x000001f62f5b444c: ; ImmutableOopMap {r9=Oop [144]=Oop [152]=Oop [160]=Oop [168]=Oop [232]=Oop }
                      ;*synchronization entry
                      ; - jdk.internal.loader.Resource::cachedInputStream@-1 (line 75)
                      ; - jdk.internal.loader.Resource::getByteBuffer@1 (line 133)
                      ; - jdk.internal.loader.BuiltinClassLoader::defineClass@45 (line 767)
  0x000001f62f5b444c: 109c cfff | e98f fbff | ff41 8b51 | 0c48 c1e2 | 0348 83fa | 000f 84c2 | fbff ff48 

  0x000001f62f5b4468: ;   {runtime_call g1_pre_barrier_slow}
  0x000001f62f5b4468: 8914 24e8 | f0cc cfff | e9b4 fbff | ff48 83f8 | 000f 84c9 | fbff ff4c 

  0x000001f62f5b4480: ;   {runtime_call g1_post_barrier_slow}
  0x000001f62f5b4480: 890c 24e8 | d8cf cfff | e9bb fbff | ff48 8d84 | 24e0 0000 | 0048 8904 

  0x000001f62f5b4498: ;   {runtime_call C1 Runtime monitorexit_nofpu_blob}
  0x000001f62f5b4498: 24e8 42a2 | cfff e908 | fcff ff48 

  0x000001f62f5b44a4: ;   {runtime_call C1 Runtime throw_class_cast_exception_blob}
  0x000001f62f5b44a4: 8914 24e8 

  0x000001f62f5b44a8: ; ImmutableOopMap {[144]=Oop [152]=Oop [160]=Oop [168]=Oop }
                      ;*checkcast {reexecute=0 rethrow=0 return_oop=0}
                      ; - jdk.internal.loader.Resource::getByteBuffer@13 (line 135)
                      ; - jdk.internal.loader.BuiltinClassLoader::defineClass@45 (line 767)
  0x000001f62f5b44a8: 348c cfff 

  0x000001f62f5b44ac: ;   {runtime_call C1 Runtime fast_new_instance_blob}
  0x000001f62f5b44ac: 488b d2e8 

  0x000001f62f5b44b0: ; ImmutableOopMap {r9=Oop [144]=Oop [160]=Oop [168]=Oop [184]=Oop }
                      ;*new {reexecute=0 rethrow=0 return_oop=0}
                      ; - jdk.internal.loader.BuiltinClassLoader::defineClass@61 (line 770)
  0x000001f62f5b44b0: 2c6e cfff | e942 fdff 

  0x000001f62f5b44b8: ;   {internal_word}
  0x000001f62f5b44b8: ff49 ba6c | 425b 2ff6 | 0100 004d | 8997 e004 

  0x000001f62f5b44c8: ;   {runtime_call SafepointBlob}
  0x000001f62f5b44c8: 0000 e991 | ddc3 ff48 

  0x000001f62f5b44d0: ;   {runtime_call C1 Runtime fast_new_instance_blob}
  0x000001f62f5b44d0: 8bd2 e809 

  0x000001f62f5b44d4: ; ImmutableOopMap {r9=Oop [144]=Oop [160]=Oop [168]=Oop [200]=Oop }
                      ;*new {reexecute=0 rethrow=0 return_oop=0}
                      ; - jdk.internal.loader.BuiltinClassLoader::defineClass@95 (line 775)
  0x000001f62f5b44d4: 6ecf ffe9 | 3ffe ffff 

  0x000001f62f5b44dc: ;   {runtime_call C1 Runtime throw_null_pointer_exception_blob}
  0x000001f62f5b44dc: e87f 5fcf 

  0x000001f62f5b44e0: ; ImmutableOopMap {rax=Oop [144]=Oop [160]=Oop [200]=Oop [208]=Oop }
                      ;*arraylength {reexecute=0 rethrow=0 return_oop=0}
                      ; - jdk.internal.loader.BuiltinClassLoader::defineClass@114 (line 776)
                      ;   {internal_word}
  0x000001f62f5b44e0: ff49 baac | 435b 2ff6 | 0100 004d | 8997 e004 

  0x000001f62f5b44f0: ;   {runtime_call SafepointBlob}
  0x000001f62f5b44f0: 0000 e969 | ddc3 ff48 | 8d84 24e0 | 0000 0048 

  0x000001f62f5b4500: ;   {runtime_call C1 Runtime monitorexit_nofpu_blob}
  0x000001f62f5b4500: 8904 24e8 | d8a1 cfff | e923 ffff | ff49 8b87 | 8805 0000 | 49c7 8788 | 0500 0000 | 0000 0049 
  0x000001f62f5b4520: c787 9005 | 0000 0000 | 0000 4881 | c400 0100 

  0x000001f62f5b4530: ;   {runtime_call C1 Runtime unwind_exception_blob}
  0x000001f62f5b4530: 005d e929 | 50cf fff4 
[Stub Code]
  0x000001f62f5b4538: ;   {other}
  0x000001f62f5b4538: 0f1f 4400 

  0x000001f62f5b453c: ;   {static_stub}
  0x000001f62f5b453c: 0048 bb00 | 0000 0000 

  0x000001f62f5b4544: ;   {runtime_call nmethod}
  0x000001f62f5b4544: 0000 00e9 | fbff ffff 

  0x000001f62f5b454c: ;   {static_stub}
  0x000001f62f5b454c: 9048 bb00 | 0000 0000 

  0x000001f62f5b4554: ;   {runtime_call nmethod}
  0x000001f62f5b4554: 0000 00e9 | fbff ffff 

  0x000001f62f5b455c: ;   {static_stub}
  0x000001f62f5b455c: 9048 bb00 | 0000 0000 

  0x000001f62f5b4564: ;   {runtime_call nmethod}
  0x000001f62f5b4564: 0000 00e9 | fbff ffff 

  0x000001f62f5b456c: ;   {static_stub}
  0x000001f62f5b456c: 9048 bb00 | 0000 0000 

  0x000001f62f5b4574: ;   {runtime_call nmethod}
  0x000001f62f5b4574: 0000 00e9 | fbff ffff 

  0x000001f62f5b457c: ;   {static_stub}
  0x000001f62f5b457c: 9048 bb00 | 0000 0000 

  0x000001f62f5b4584: ;   {runtime_call nmethod}
  0x000001f62f5b4584: 0000 00e9 | fbff ffff 

  0x000001f62f5b458c: ;   {static_stub}
  0x000001f62f5b458c: 9048 bb00 | 0000 0000 

  0x000001f62f5b4594: ;   {runtime_call nmethod}
  0x000001f62f5b4594: 0000 00e9 | fbff ffff 

  0x000001f62f5b459c: ;   {static_stub}
  0x000001f62f5b459c: 9048 bb00 | 0000 0000 

  0x000001f62f5b45a4: ;   {runtime_call nmethod}
  0x000001f62f5b45a4: 0000 00e9 | fbff ffff 

  0x000001f62f5b45ac: ;   {static_stub}
  0x000001f62f5b45ac: 9048 bb00 | 0000 0000 

  0x000001f62f5b45b4: ;   {runtime_call nmethod}
  0x000001f62f5b45b4: 0000 00e9 | fbff ffff 

  0x000001f62f5b45bc: ;   {static_stub}
  0x000001f62f5b45bc: 48bb 0000 | 0000 0000 

  0x000001f62f5b45c4: ;   {runtime_call nmethod}
  0x000001f62f5b45c4: 0000 e9fb 

  0x000001f62f5b45c8: ;   {static_stub}
  0x000001f62f5b45c8: ffff ff48 | bb00 0000 | 0000 0000 

  0x000001f62f5b45d4: ;   {runtime_call nmethod}
  0x000001f62f5b45d4: 00e9 fbff 

  0x000001f62f5b45d8: ;   {static_stub}
  0x000001f62f5b45d8: ffff 48bb | 0000 0000 | 0000 0000 

  0x000001f62f5b45e4: ;   {runtime_call nmethod}
  0x000001f62f5b45e4: e9fb ffff 

  0x000001f62f5b45e8: ;   {static_stub}
  0x000001f62f5b45e8: ff48 bb00 | 0000 0000 

  0x000001f62f5b45f0: ;   {runtime_call nmethod}
  0x000001f62f5b45f0: 0000 00e9 | fbff ffff 

  0x000001f62f5b45f8: ;   {static_stub}
  0x000001f62f5b45f8: 48bb 0000 | 0000 0000 

  0x000001f62f5b4600: ;   {runtime_call nmethod}
  0x000001f62f5b4600: 0000 e9fb 

  0x000001f62f5b4604: ;   {static_stub}
  0x000001f62f5b4604: ffff ff48 | bb00 0000 | 0000 0000 

  0x000001f62f5b4610: ;   {runtime_call nmethod}
  0x000001f62f5b4610: 00e9 fbff 

  0x000001f62f5b4614: ;   {static_stub}
  0x000001f62f5b4614: ffff 48bb | 0000 0000 | 0000 0000 

  0x000001f62f5b4620: ;   {runtime_call nmethod}
  0x000001f62f5b4620: e9fb ffff 

  0x000001f62f5b4624: ;   {runtime_call C1 Runtime handle_exception_from_callee_blob}
  0x000001f62f5b4624: ffe8 b684 

  0x000001f62f5b4628: ;   {external_word}
  0x000001f62f5b4628: cfff 48b9 | 4808 7d89 | f97f 0000 | 4883 e4f0 

  0x000001f62f5b4638: ;   {runtime_call}
  0x000001f62f5b4638: 48b8 008d | 4089 f97f | 0000 ffd0 

  0x000001f62f5b4644: ;   {section_word}
  0x000001f62f5b4644: f449 ba45 | 465b 2ff6 | 0100 0041 

  0x000001f62f5b4650: ;   {runtime_call DeoptimizationBlob}
  0x000001f62f5b4650: 52e9 8ac3 | c3ff f4f4 
[/MachCode]


---------------  P R O C E S S  ---------------

Threads class SMR info:
_java_thread_list=0x000001f63f78eeb0, length=15, elements={
0x000001f6244fa130, 0x000001f6376056c0, 0x000001f637606120, 0x000001f637606f80,
0x000001f637608b50, 0x000001f637609710, 0x000001f63760c2e0, 0x000001f62694a810,
0x000001f6375e2b90, 0x000001f63a1d9b90, 0x000001f626947fc0, 0x000001f62694b020,
0x000001f62694c850, 0x000001f63f416cd0, 0x000001f63f7c3440
}

Java Threads: ( => current thread )
  0x000001f6244fa130 JavaThread "main"                              [_thread_in_vm, id=33704, stack(0x0000003ba3200000,0x0000003ba3300000) (1024K)]
  0x000001f6376056c0 JavaThread "Reference Handler"          daemon [_thread_blocked, id=33756, stack(0x0000003ba3a00000,0x0000003ba3b00000) (1024K)]
  0x000001f637606120 JavaThread "Finalizer"                  daemon [_thread_blocked, id=33760, stack(0x0000003ba3b00000,0x0000003ba3c00000) (1024K)]
  0x000001f637606f80 JavaThread "Signal Dispatcher"          daemon [_thread_blocked, id=33764, stack(0x0000003ba3c00000,0x0000003ba3d00000) (1024K)]
  0x000001f637608b50 JavaThread "Attach Listener"            daemon [_thread_blocked, id=33768, stack(0x0000003ba3d00000,0x0000003ba3e00000) (1024K)]
  0x000001f637609710 JavaThread "Service Thread"             daemon [_thread_blocked, id=33772, stack(0x0000003ba3e00000,0x0000003ba3f00000) (1024K)]
  0x000001f63760c2e0 JavaThread "Monitor Deflation Thread"   daemon [_thread_blocked, id=33776, stack(0x0000003ba3f00000,0x0000003ba4000000) (1024K)]
  0x000001f62694a810 JavaThread "C1 CompilerThread0"         daemon [_thread_blocked, id=33780, stack(0x0000003ba4000000,0x0000003ba4100000) (1024K)]
  0x000001f6375e2b90 JavaThread "Notification Thread"        daemon [_thread_blocked, id=33016, stack(0x0000003ba4100000,0x0000003ba4200000) (1024K)]
  0x000001f63a1d9b90 JavaThread "Common-Cleaner"             daemon [_thread_blocked, id=33012, stack(0x0000003ba4200000,0x0000003ba4300000) (1024K)]
  0x000001f626947fc0 JavaThread "C1 CompilerThread1"         daemon [_thread_blocked, id=33008, stack(0x0000003ba4300000,0x0000003ba4400000) (1024K)]
  0x000001f62694b020 JavaThread "C1 CompilerThread2"         daemon [_thread_blocked, id=33028, stack(0x0000003ba4400000,0x0000003ba4500000) (1024K)]
  0x000001f62694c850 JavaThread "C1 CompilerThread3"         daemon [_thread_blocked, id=33032, stack(0x0000003ba4500000,0x0000003ba4600000) (1024K)]
  0x000001f63f416cd0 JavaThread "background-preinit"                [_thread_in_vm, id=29700, stack(0x0000003ba4b00000,0x0000003ba4c00000) (1024K)]
=>0x000001f63f7c3440 JavaThread "Thread-1"                          [_thread_in_vm, id=28372, stack(0x0000003ba4c00000,0x0000003ba4d00000) (1024K)]
Total: 15

Other Threads:
  0x000001f6375f0770 VMThread "VM Thread"                           [id=33744, stack(0x0000003ba3900000,0x0000003ba3a00000) (1024K)]
  0x000001f6375e03b0 WatcherThread "VM Periodic Task Thread"        [id=33740, stack(0x0000003ba3800000,0x0000003ba3900000) (1024K)]
  0x000001f6269a78e0 WorkerThread "GC Thread#0"                     [id=33708, stack(0x0000003ba3300000,0x0000003ba3400000) (1024K)]
  0x000001f63aa1c960 WorkerThread "GC Thread#1"                     [id=25016, stack(0x0000003ba4600000,0x0000003ba4700000) (1024K)]
  0x000001f63aa1cdb0 WorkerThread "GC Thread#2"                     [id=30020, stack(0x0000003ba4700000,0x0000003ba4800000) (1024K)]
  0x000001f63aa1bc70 WorkerThread "GC Thread#3"                     [id=23276, stack(0x0000003ba4800000,0x0000003ba4900000) (1024K)]
  0x000001f63aa1c0c0 WorkerThread "GC Thread#4"                     [id=33456, stack(0x0000003ba4900000,0x0000003ba4a00000) (1024K)]
  0x000001f63aa1d200 WorkerThread "GC Thread#5"                     [id=33632, stack(0x0000003ba4a00000,0x0000003ba4b00000) (1024K)]
  0x000001f6269c0320 ConcurrentGCThread "G1 Main Marker"            [id=33712, stack(0x0000003ba3400000,0x0000003ba3500000) (1024K)]
  0x000001f6374627b0 WorkerThread "G1 Conc#0"                       [id=33716, stack(0x0000003ba3500000,0x0000003ba3600000) (1024K)]
  0x000001f6269de3e0 ConcurrentGCThread "G1 Refine#0"               [id=33720, stack(0x0000003ba3600000,0x0000003ba3700000) (1024K)]
  0x000001f6374a6780 ConcurrentGCThread "G1 Service"                [id=33724, stack(0x0000003ba3700000,0x0000003ba3800000) (1024K)]
Total: 12

Threads with active compile tasks:
Total: 0

VM state: not at safepoint (normal execution)

VM Mutex/Monitor currently owned by a thread:  ([mutex/lock_event])
[0x00007ff989a972e8] Metaspace_lock - owner thread: 0x000001f63f7c3440

Heap address: 0x0000000704000000, size: 4032 MB, Compressed Oops mode: Zero based, Oop shift amount: 3

CDS archive(s) mapped at: [0x0000000089000000-0x0000000089dd0000-0x0000000089dd0000), size 14483456, SharedBaseAddress: 0x0000000089000000, ArchiveRelocationMode: 1.
Compressed class space mapped at: 0x000000008a000000-0x00000000ca000000, reserved size: 1073741824
UseCompressedClassPointers 1, UseCompactObjectHeaders 0
Narrow klass pointer bits 32, Max shift 3
Narrow klass base: 0x0000000089000000, Narrow klass shift: 0
Encoding Range: [0x0000000089000000 - 0x0000000189000000), (4294967296 bytes)
Klass Range:    [0x0000000089010000 - 0x00000000ca000000), (1090453504 bytes)
Klass ID Range:  [65536 - 1090519033) (1090453497)
Protection zone: [0x0000000089000000 - 0x0000000089010000), (65536 bytes)

GC Precious Log:
 CardTable entry size: 512
 Card Set container configuration: InlinePtr #cards 4 size 8 Array Of Cards #cards 16 size 48 Howl #buckets 8 coarsen threshold 3686 Howl Bitmap #cards 512 size 80 coarsen threshold 460 Card regions per heap region 1 cards per card region 4096
 CPUs: 12 total, 12 available
 Memory: 16122M
 Large Page Support: Disabled
 NUMA Support: Disabled
 Compressed Oops: Enabled (Zero based)
 Heap Region Size: 2M
 Heap Min Capacity: 8M
 Heap Initial Capacity: 252M
 Heap Max Capacity: 4032M
 Pre-touch: Disabled
 Parallel Workers: 10
 Concurrent Workers: 3
 Concurrent Refinement Workers: 10
 Periodic GC: Disabled

Heap:
 garbage-first heap   total reserved 4128768K, committed 260096K, used 72085K [0x0000000704000000, 0x0000000800000000)
  region size 2048K, 33 young (67584K), 3 survivors (6144K)

Heap Regions: E=young(eden), S=young(survivor), O=old, HS=humongous(starts), HC=humongous(continues), CS=collection set, F=free, TAMS=top-at-mark-start, PB=parsable bottom
|   0|0x0000000704000000, 0x0000000704200000, 0x0000000704200000|100%| O|  |TAMS 0x0000000704000000| PB 0x0000000704000000| Untracked |  0
|   1|0x0000000704200000, 0x0000000704400000, 0x0000000704400000|100%| O|  |TAMS 0x0000000704200000| PB 0x0000000704200000| Untracked |  0
|   2|0x0000000704400000, 0x0000000704600000, 0x0000000704600000|100%| O|  |TAMS 0x0000000704400000| PB 0x0000000704400000| Untracked |  0
|   3|0x0000000704600000, 0x000000070473fe00, 0x0000000704800000| 62%| O|  |TAMS 0x0000000704600000| PB 0x0000000704600000| Untracked |  0
|   4|0x0000000704800000, 0x0000000704800000, 0x0000000704a00000|  0%| F|  |TAMS 0x0000000704800000| PB 0x0000000704800000| Untracked |  0
|   5|0x0000000704a00000, 0x0000000704a00000, 0x0000000704c00000|  0%| F|  |TAMS 0x0000000704a00000| PB 0x0000000704a00000| Untracked |  0
|   6|0x0000000704c00000, 0x0000000704c00000, 0x0000000704e00000|  0%| F|  |TAMS 0x0000000704c00000| PB 0x0000000704c00000| Untracked |  0
|   7|0x0000000704e00000, 0x0000000704e00000, 0x0000000705000000|  0%| F|  |TAMS 0x0000000704e00000| PB 0x0000000704e00000| Untracked |  0
|   8|0x0000000705000000, 0x0000000705000000, 0x0000000705200000|  0%| F|  |TAMS 0x0000000705000000| PB 0x0000000705000000| Untracked |  0
|   9|0x0000000705200000, 0x0000000705200000, 0x0000000705400000|  0%| F|  |TAMS 0x0000000705200000| PB 0x0000000705200000| Untracked |  0
|  10|0x0000000705400000, 0x0000000705400000, 0x0000000705600000|  0%| F|  |TAMS 0x0000000705400000| PB 0x0000000705400000| Untracked |  0
|  11|0x0000000705600000, 0x0000000705600000, 0x0000000705800000|  0%| F|  |TAMS 0x0000000705600000| PB 0x0000000705600000| Untracked |  0
|  12|0x0000000705800000, 0x0000000705800000, 0x0000000705a00000|  0%| F|  |TAMS 0x0000000705800000| PB 0x0000000705800000| Untracked |  0
|  13|0x0000000705a00000, 0x0000000705a00000, 0x0000000705c00000|  0%| F|  |TAMS 0x0000000705a00000| PB 0x0000000705a00000| Untracked |  0
|  14|0x0000000705c00000, 0x0000000705c00000, 0x0000000705e00000|  0%| F|  |TAMS 0x0000000705c00000| PB 0x0000000705c00000| Untracked |  0
|  15|0x0000000705e00000, 0x0000000705e00000, 0x0000000706000000|  0%| F|  |TAMS 0x0000000705e00000| PB 0x0000000705e00000| Untracked |  0
|  16|0x0000000706000000, 0x0000000706000000, 0x0000000706200000|  0%| F|  |TAMS 0x0000000706000000| PB 0x0000000706000000| Untracked |  0
|  17|0x0000000706200000, 0x0000000706200000, 0x0000000706400000|  0%| F|  |TAMS 0x0000000706200000| PB 0x0000000706200000| Untracked |  0
|  18|0x0000000706400000, 0x0000000706400000, 0x0000000706600000|  0%| F|  |TAMS 0x0000000706400000| PB 0x0000000706400000| Untracked |  0
|  19|0x0000000706600000, 0x0000000706600000, 0x0000000706800000|  0%| F|  |TAMS 0x0000000706600000| PB 0x0000000706600000| Untracked |  0
|  20|0x0000000706800000, 0x0000000706800000, 0x0000000706a00000|  0%| F|  |TAMS 0x0000000706800000| PB 0x0000000706800000| Untracked |  0
|  21|0x0000000706a00000, 0x0000000706a00000, 0x0000000706c00000|  0%| F|  |TAMS 0x0000000706a00000| PB 0x0000000706a00000| Untracked |  0
|  22|0x0000000706c00000, 0x0000000706c00000, 0x0000000706e00000|  0%| F|  |TAMS 0x0000000706c00000| PB 0x0000000706c00000| Untracked |  0
|  23|0x0000000706e00000, 0x0000000706e00000, 0x0000000707000000|  0%| F|  |TAMS 0x0000000706e00000| PB 0x0000000706e00000| Untracked |  0
|  24|0x0000000707000000, 0x0000000707000000, 0x0000000707200000|  0%| F|  |TAMS 0x0000000707000000| PB 0x0000000707000000| Untracked |  0
|  25|0x0000000707200000, 0x0000000707200000, 0x0000000707400000|  0%| F|  |TAMS 0x0000000707200000| PB 0x0000000707200000| Untracked |  0
|  26|0x0000000707400000, 0x0000000707400000, 0x0000000707600000|  0%| F|  |TAMS 0x0000000707400000| PB 0x0000000707400000| Untracked |  0
|  27|0x0000000707600000, 0x0000000707600000, 0x0000000707800000|  0%| F|  |TAMS 0x0000000707600000| PB 0x0000000707600000| Untracked |  0
|  28|0x0000000707800000, 0x0000000707800000, 0x0000000707a00000|  0%| F|  |TAMS 0x0000000707800000| PB 0x0000000707800000| Untracked |  0
|  29|0x0000000707a00000, 0x0000000707a00000, 0x0000000707c00000|  0%| F|  |TAMS 0x0000000707a00000| PB 0x0000000707a00000| Untracked |  0
|  30|0x0000000707c00000, 0x0000000707c00000, 0x0000000707e00000|  0%| F|  |TAMS 0x0000000707c00000| PB 0x0000000707c00000| Untracked |  0
|  31|0x0000000707e00000, 0x0000000707e00000, 0x0000000708000000|  0%| F|  |TAMS 0x0000000707e00000| PB 0x0000000707e00000| Untracked |  0
|  32|0x0000000708000000, 0x0000000708000000, 0x0000000708200000|  0%| F|  |TAMS 0x0000000708000000| PB 0x0000000708000000| Untracked |  0
|  33|0x0000000708200000, 0x0000000708200000, 0x0000000708400000|  0%| F|  |TAMS 0x0000000708200000| PB 0x0000000708200000| Untracked |  0
|  34|0x0000000708400000, 0x0000000708400000, 0x0000000708600000|  0%| F|  |TAMS 0x0000000708400000| PB 0x0000000708400000| Untracked |  0
|  35|0x0000000708600000, 0x0000000708600000, 0x0000000708800000|  0%| F|  |TAMS 0x0000000708600000| PB 0x0000000708600000| Untracked |  0
|  36|0x0000000708800000, 0x0000000708800000, 0x0000000708a00000|  0%| F|  |TAMS 0x0000000708800000| PB 0x0000000708800000| Untracked |  0
|  37|0x0000000708a00000, 0x0000000708a00000, 0x0000000708c00000|  0%| F|  |TAMS 0x0000000708a00000| PB 0x0000000708a00000| Untracked |  0
|  38|0x0000000708c00000, 0x0000000708c00000, 0x0000000708e00000|  0%| F|  |TAMS 0x0000000708c00000| PB 0x0000000708c00000| Untracked |  0
|  39|0x0000000708e00000, 0x0000000708e00000, 0x0000000709000000|  0%| F|  |TAMS 0x0000000708e00000| PB 0x0000000708e00000| Untracked |  0
|  40|0x0000000709000000, 0x0000000709000000, 0x0000000709200000|  0%| F|  |TAMS 0x0000000709000000| PB 0x0000000709000000| Untracked |  0
|  41|0x0000000709200000, 0x0000000709200000, 0x0000000709400000|  0%| F|  |TAMS 0x0000000709200000| PB 0x0000000709200000| Untracked |  0
|  42|0x0000000709400000, 0x0000000709400000, 0x0000000709600000|  0%| F|  |TAMS 0x0000000709400000| PB 0x0000000709400000| Untracked |  0
|  43|0x0000000709600000, 0x0000000709600000, 0x0000000709800000|  0%| F|  |TAMS 0x0000000709600000| PB 0x0000000709600000| Untracked |  0
|  44|0x0000000709800000, 0x0000000709800000, 0x0000000709a00000|  0%| F|  |TAMS 0x0000000709800000| PB 0x0000000709800000| Untracked |  0
|  45|0x0000000709a00000, 0x0000000709a00000, 0x0000000709c00000|  0%| F|  |TAMS 0x0000000709a00000| PB 0x0000000709a00000| Untracked |  0
|  46|0x0000000709c00000, 0x0000000709c00000, 0x0000000709e00000|  0%| F|  |TAMS 0x0000000709c00000| PB 0x0000000709c00000| Untracked |  0
|  47|0x0000000709e00000, 0x0000000709e00000, 0x000000070a000000|  0%| F|  |TAMS 0x0000000709e00000| PB 0x0000000709e00000| Untracked |  0
|  48|0x000000070a000000, 0x000000070a000000, 0x000000070a200000|  0%| F|  |TAMS 0x000000070a000000| PB 0x000000070a000000| Untracked |  0
|  49|0x000000070a200000, 0x000000070a200000, 0x000000070a400000|  0%| F|  |TAMS 0x000000070a200000| PB 0x000000070a200000| Untracked |  0
|  50|0x000000070a400000, 0x000000070a400000, 0x000000070a600000|  0%| F|  |TAMS 0x000000070a400000| PB 0x000000070a400000| Untracked |  0
|  51|0x000000070a600000, 0x000000070a600000, 0x000000070a800000|  0%| F|  |TAMS 0x000000070a600000| PB 0x000000070a600000| Untracked |  0
|  52|0x000000070a800000, 0x000000070a800000, 0x000000070aa00000|  0%| F|  |TAMS 0x000000070a800000| PB 0x000000070a800000| Untracked |  0
|  53|0x000000070aa00000, 0x000000070aa00000, 0x000000070ac00000|  0%| F|  |TAMS 0x000000070aa00000| PB 0x000000070aa00000| Untracked |  0
|  54|0x000000070ac00000, 0x000000070ac00000, 0x000000070ae00000|  0%| F|  |TAMS 0x000000070ac00000| PB 0x000000070ac00000| Untracked |  0
|  55|0x000000070ae00000, 0x000000070ae00000, 0x000000070b000000|  0%| F|  |TAMS 0x000000070ae00000| PB 0x000000070ae00000| Untracked |  0
|  56|0x000000070b000000, 0x000000070b000000, 0x000000070b200000|  0%| F|  |TAMS 0x000000070b000000| PB 0x000000070b000000| Untracked |  0
|  57|0x000000070b200000, 0x000000070b200000, 0x000000070b400000|  0%| F|  |TAMS 0x000000070b200000| PB 0x000000070b200000| Untracked |  0
|  58|0x000000070b400000, 0x000000070b400000, 0x000000070b600000|  0%| F|  |TAMS 0x000000070b400000| PB 0x000000070b400000| Untracked |  0
|  59|0x000000070b600000, 0x000000070b600000, 0x000000070b800000|  0%| F|  |TAMS 0x000000070b600000| PB 0x000000070b600000| Untracked |  0
|  60|0x000000070b800000, 0x000000070b800000, 0x000000070ba00000|  0%| F|  |TAMS 0x000000070b800000| PB 0x000000070b800000| Untracked |  0
|  61|0x000000070ba00000, 0x000000070ba00000, 0x000000070bc00000|  0%| F|  |TAMS 0x000000070ba00000| PB 0x000000070ba00000| Untracked |  0
|  62|0x000000070bc00000, 0x000000070bc00000, 0x000000070be00000|  0%| F|  |TAMS 0x000000070bc00000| PB 0x000000070bc00000| Untracked |  0
|  63|0x000000070be00000, 0x000000070be00000, 0x000000070c000000|  0%| F|  |TAMS 0x000000070be00000| PB 0x000000070be00000| Untracked |  0
|  64|0x000000070c000000, 0x000000070c000000, 0x000000070c200000|  0%| F|  |TAMS 0x000000070c000000| PB 0x000000070c000000| Untracked |  0
|  65|0x000000070c200000, 0x000000070c200000, 0x000000070c400000|  0%| F|  |TAMS 0x000000070c200000| PB 0x000000070c200000| Untracked |  0
|  66|0x000000070c400000, 0x000000070c400000, 0x000000070c600000|  0%| F|  |TAMS 0x000000070c400000| PB 0x000000070c400000| Untracked |  0
|  67|0x000000070c600000, 0x000000070c600000, 0x000000070c800000|  0%| F|  |TAMS 0x000000070c600000| PB 0x000000070c600000| Untracked |  0
|  68|0x000000070c800000, 0x000000070c800000, 0x000000070ca00000|  0%| F|  |TAMS 0x000000070c800000| PB 0x000000070c800000| Untracked |  0
|  69|0x000000070ca00000, 0x000000070ca00000, 0x000000070cc00000|  0%| F|  |TAMS 0x000000070ca00000| PB 0x000000070ca00000| Untracked |  0
|  70|0x000000070cc00000, 0x000000070cc00000, 0x000000070ce00000|  0%| F|  |TAMS 0x000000070cc00000| PB 0x000000070cc00000| Untracked |  0
|  71|0x000000070ce00000, 0x000000070ce00000, 0x000000070d000000|  0%| F|  |TAMS 0x000000070ce00000| PB 0x000000070ce00000| Untracked |  0
|  72|0x000000070d000000, 0x000000070d000000, 0x000000070d200000|  0%| F|  |TAMS 0x000000070d000000| PB 0x000000070d000000| Untracked |  0
|  73|0x000000070d200000, 0x000000070d200000, 0x000000070d400000|  0%| F|  |TAMS 0x000000070d200000| PB 0x000000070d200000| Untracked |  0
|  74|0x000000070d400000, 0x000000070d400000, 0x000000070d600000|  0%| F|  |TAMS 0x000000070d400000| PB 0x000000070d400000| Untracked |  0
|  75|0x000000070d600000, 0x000000070d600000, 0x000000070d800000|  0%| F|  |TAMS 0x000000070d600000| PB 0x000000070d600000| Untracked |  0
|  76|0x000000070d800000, 0x000000070d800000, 0x000000070da00000|  0%| F|  |TAMS 0x000000070d800000| PB 0x000000070d800000| Untracked |  0
|  77|0x000000070da00000, 0x000000070da00000, 0x000000070dc00000|  0%| F|  |TAMS 0x000000070da00000| PB 0x000000070da00000| Untracked |  0
|  78|0x000000070dc00000, 0x000000070dc00000, 0x000000070de00000|  0%| F|  |TAMS 0x000000070dc00000| PB 0x000000070dc00000| Untracked |  0
|  79|0x000000070de00000, 0x000000070de00000, 0x000000070e000000|  0%| F|  |TAMS 0x000000070de00000| PB 0x000000070de00000| Untracked |  0
|  80|0x000000070e000000, 0x000000070e000000, 0x000000070e200000|  0%| F|  |TAMS 0x000000070e000000| PB 0x000000070e000000| Untracked |  0
|  81|0x000000070e200000, 0x000000070e200000, 0x000000070e400000|  0%| F|  |TAMS 0x000000070e200000| PB 0x000000070e200000| Untracked |  0
|  82|0x000000070e400000, 0x000000070e400000, 0x000000070e600000|  0%| F|  |TAMS 0x000000070e400000| PB 0x000000070e400000| Untracked |  0
|  83|0x000000070e600000, 0x000000070e600000, 0x000000070e800000|  0%| F|  |TAMS 0x000000070e600000| PB 0x000000070e600000| Untracked |  0
|  84|0x000000070e800000, 0x000000070e800000, 0x000000070ea00000|  0%| F|  |TAMS 0x000000070e800000| PB 0x000000070e800000| Untracked |  0
|  85|0x000000070ea00000, 0x000000070ea00000, 0x000000070ec00000|  0%| F|  |TAMS 0x000000070ea00000| PB 0x000000070ea00000| Untracked |  0
|  86|0x000000070ec00000, 0x000000070ec00000, 0x000000070ee00000|  0%| F|  |TAMS 0x000000070ec00000| PB 0x000000070ec00000| Untracked |  0
|  87|0x000000070ee00000, 0x000000070ee00000, 0x000000070f000000|  0%| F|  |TAMS 0x000000070ee00000| PB 0x000000070ee00000| Untracked |  0
|  88|0x000000070f000000, 0x000000070f000000, 0x000000070f200000|  0%| F|  |TAMS 0x000000070f000000| PB 0x000000070f000000| Untracked |  0
|  89|0x000000070f200000, 0x000000070f200000, 0x000000070f400000|  0%| F|  |TAMS 0x000000070f200000| PB 0x000000070f200000| Untracked |  0
|  90|0x000000070f400000, 0x000000070f400000, 0x000000070f600000|  0%| F|  |TAMS 0x000000070f400000| PB 0x000000070f400000| Untracked |  0
|  91|0x000000070f600000, 0x000000070f600000, 0x000000070f800000|  0%| F|  |TAMS 0x000000070f600000| PB 0x000000070f600000| Untracked |  0
|  92|0x000000070f800000, 0x000000070f800000, 0x000000070fa00000|  0%| F|  |TAMS 0x000000070f800000| PB 0x000000070f800000| Untracked |  0
|  93|0x000000070fa00000, 0x000000070fa7d758, 0x000000070fc00000| 24%| E|  |TAMS 0x000000070fa00000| PB 0x000000070fa00000| Complete |  0
|  94|0x000000070fc00000, 0x000000070fe00000, 0x000000070fe00000|100%| E|CS|TAMS 0x000000070fc00000| PB 0x000000070fc00000| Complete |  0
|  95|0x000000070fe00000, 0x0000000710000000, 0x0000000710000000|100%| E|CS|TAMS 0x000000070fe00000| PB 0x000000070fe00000| Complete |  0
|  96|0x0000000710000000, 0x0000000710200000, 0x0000000710200000|100%| E|CS|TAMS 0x0000000710000000| PB 0x0000000710000000| Complete |  0
|  97|0x0000000710200000, 0x0000000710400000, 0x0000000710400000|100%| E|CS|TAMS 0x0000000710200000| PB 0x0000000710200000| Complete |  0
|  98|0x0000000710400000, 0x0000000710600000, 0x0000000710600000|100%| E|CS|TAMS 0x0000000710400000| PB 0x0000000710400000| Complete |  0
|  99|0x0000000710600000, 0x0000000710800000, 0x0000000710800000|100%| S|CS|TAMS 0x0000000710600000| PB 0x0000000710600000| Complete |  0
| 100|0x0000000710800000, 0x0000000710a00000, 0x0000000710a00000|100%| S|CS|TAMS 0x0000000710800000| PB 0x0000000710800000| Complete |  0
| 101|0x0000000710a00000, 0x0000000710c00000, 0x0000000710c00000|100%| S|CS|TAMS 0x0000000710a00000| PB 0x0000000710a00000| Complete |  0
| 102|0x0000000710c00000, 0x0000000710e00000, 0x0000000710e00000|100%| E|CS|TAMS 0x0000000710c00000| PB 0x0000000710c00000| Complete |  0
| 103|0x0000000710e00000, 0x0000000711000000, 0x0000000711000000|100%| E|CS|TAMS 0x0000000710e00000| PB 0x0000000710e00000| Complete |  0
| 104|0x0000000711000000, 0x0000000711200000, 0x0000000711200000|100%| E|CS|TAMS 0x0000000711000000| PB 0x0000000711000000| Complete |  0
| 105|0x0000000711200000, 0x0000000711400000, 0x0000000711400000|100%| E|CS|TAMS 0x0000000711200000| PB 0x0000000711200000| Complete |  0
| 106|0x0000000711400000, 0x0000000711600000, 0x0000000711600000|100%| E|CS|TAMS 0x0000000711400000| PB 0x0000000711400000| Complete |  0
| 107|0x0000000711600000, 0x0000000711800000, 0x0000000711800000|100%| E|  |TAMS 0x0000000711600000| PB 0x0000000711600000| Complete |  0
| 108|0x0000000711800000, 0x0000000711a00000, 0x0000000711a00000|100%| E|CS|TAMS 0x0000000711800000| PB 0x0000000711800000| Complete |  0
| 109|0x0000000711a00000, 0x0000000711c00000, 0x0000000711c00000|100%| E|CS|TAMS 0x0000000711a00000| PB 0x0000000711a00000| Complete |  0
| 110|0x0000000711c00000, 0x0000000711e00000, 0x0000000711e00000|100%| E|CS|TAMS 0x0000000711c00000| PB 0x0000000711c00000| Complete |  0
| 111|0x0000000711e00000, 0x0000000712000000, 0x0000000712000000|100%| E|CS|TAMS 0x0000000711e00000| PB 0x0000000711e00000| Complete |  0
| 112|0x0000000712000000, 0x0000000712200000, 0x0000000712200000|100%| E|CS|TAMS 0x0000000712000000| PB 0x0000000712000000| Complete |  0
| 113|0x0000000712200000, 0x0000000712400000, 0x0000000712400000|100%| E|CS|TAMS 0x0000000712200000| PB 0x0000000712200000| Complete |  0
| 114|0x0000000712400000, 0x0000000712600000, 0x0000000712600000|100%| E|CS|TAMS 0x0000000712400000| PB 0x0000000712400000| Complete |  0
| 115|0x0000000712600000, 0x0000000712800000, 0x0000000712800000|100%| E|CS|TAMS 0x0000000712600000| PB 0x0000000712600000| Complete |  0
| 116|0x0000000712800000, 0x0000000712a00000, 0x0000000712a00000|100%| E|CS|TAMS 0x0000000712800000| PB 0x0000000712800000| Complete |  0
| 117|0x0000000712a00000, 0x0000000712c00000, 0x0000000712c00000|100%| E|CS|TAMS 0x0000000712a00000| PB 0x0000000712a00000| Complete |  0
| 118|0x0000000712c00000, 0x0000000712e00000, 0x0000000712e00000|100%| E|CS|TAMS 0x0000000712c00000| PB 0x0000000712c00000| Complete |  0
| 119|0x0000000712e00000, 0x0000000713000000, 0x0000000713000000|100%| E|CS|TAMS 0x0000000712e00000| PB 0x0000000712e00000| Complete |  0
| 120|0x0000000713000000, 0x0000000713200000, 0x0000000713200000|100%| E|CS|TAMS 0x0000000713000000| PB 0x0000000713000000| Complete |  0
| 121|0x0000000713200000, 0x0000000713400000, 0x0000000713400000|100%| E|CS|TAMS 0x0000000713200000| PB 0x0000000713200000| Complete |  0
| 122|0x0000000713400000, 0x0000000713600000, 0x0000000713600000|100%| E|CS|TAMS 0x0000000713400000| PB 0x0000000713400000| Complete |  0
| 123|0x0000000713600000, 0x0000000713800000, 0x0000000713800000|100%| E|CS|TAMS 0x0000000713600000| PB 0x0000000713600000| Complete |  0
| 124|0x0000000713800000, 0x0000000713a00000, 0x0000000713a00000|100%| E|CS|TAMS 0x0000000713800000| PB 0x0000000713800000| Complete |  0
| 125|0x0000000713a00000, 0x0000000713c00000, 0x0000000713c00000|100%| E|CS|TAMS 0x0000000713a00000| PB 0x0000000713a00000| Complete |  0
|2015|0x00000007ffe00000, 0x00000007fff256a0, 0x0000000800000000| 57%| O|  |TAMS 0x00000007ffe00000| PB 0x00000007ffe00000| Untracked |  0

Card table byte_map: [0x000001f632cb0000,0x000001f633490000] _byte_map_base: 0x000001f62f490000

Marking Bits: (CMBitMap*) 0x000001f6269a9080
 Bits: [0x000001f633490000, 0x000001f637390000)

Polling page: 0x000001f624730000

Metaspace:
Metaspace        used 20194K, committed 20416K, reserved 1114112K
 class space     used 2101K, committed 2240K, reserved 1048576K

Usage:
  Non-class:     17.67 MB used.
      Class:      2.05 MB used.
       Both:     19.72 MB used.

Virtual space:
  Non-class space:       64.00 MB reserved,      17.75 MB ( 28%) committed,  1 nodes.
      Class space:        1.00 GB reserved,       2.19 MB ( <1%) committed,  1 nodes.
             Both:        1.06 GB reserved,      19.94 MB (  2%) committed. 

Chunk freelists:
   Non-Class:  13.73 MB
       Class:  13.84 MB
        Both:  27.58 MB

MaxMetaspaceSize: unlimited
CompressedClassSpaceSize: 1.00 GB
Initial GC threshold: 21.00 MB
Current GC threshold: 21.00 MB
CDS: on
 - commit_granule_bytes: 65536.
 - commit_granule_words: 8192.
 - virtual_space_node_default_size: 8388608.
 - enlarge_chunks_in_place: 1.
UseCompressedClassPointers 1, UseCompactObjectHeaders 0
Narrow klass pointer bits 32, Max shift 3
Narrow klass base: 0x0000000089000000, Narrow klass shift: 0
Encoding Range: [0x0000000089000000 - 0x0000000189000000), (4294967296 bytes)
Klass Range:    [0x0000000089010000 - 0x00000000ca000000), (1090453504 bytes)
Klass ID Range:  [65536 - 1090519033) (1090453497)
Protection zone: [0x0000000089000000 - 0x0000000089010000), (65536 bytes)


Internal statistics:

num_allocs_failed_limit: 0.
num_arena_births: 170.
num_arena_deaths: 0.
num_vsnodes_births: 2.
num_vsnodes_deaths: 0.
num_space_committed: 319.
num_space_uncommitted: 0.
num_chunks_returned_to_freelist: 0.
num_chunks_taken_from_freelist: 777.
num_chunk_merges: 0.
num_chunk_splits: 588.
num_chunks_enlarged: 495.
num_inconsistent_stats: 0.

CodeCache: size=49152Kb used=6163Kb max_used=6163Kb free=42988Kb
 bounds [0x000001f62f1a0000, 0x000001f62f7b0000, 0x000001f6321a0000]
 total_blobs=3358, nmethods=2828, adapters=451, full_count=0
Compilation: enabled, stopped_count=0, restarted_count=0

Compilation events (20 events):
Event: 2.763 Thread 0x000001f62694c850 2819       1       java.lang.invoke.DirectMethodHandle$Holder::invokeSpecial (18 bytes)
Event: 2.763 Thread 0x000001f62694b020 2820       1       java.lang.String$$StringConcat/0x000000008a120400::concat (89 bytes)
Event: 2.763 Thread 0x000001f62694a810 2821       1       java.lang.String$$StringConcat/0x000000008a120400::length (10 bytes)
Event: 2.763 Thread 0x000001f62694c850 nmethod 2819 0x000001f62f7a2308 code [0x000001f62f7a2400, 0x000001f62f7a2520]
Event: 2.763 Thread 0x000001f626947fc0 2822       1       java.lang.invoke.LambdaForm$MH/0x000000008a120800::invoke (28 bytes)
Event: 2.763 Thread 0x000001f62694c850 2823       1       java.lang.String$$StringConcat/0x000000008a120400::coder (12 bytes)
Event: 2.763 Thread 0x000001f62694a810 nmethod 2821 0x000001f62f7a2608 code [0x000001f62f7a2700, 0x000001f62f7a2930]
Event: 2.763 Thread 0x000001f62694a810 2824       1       java.lang.String$$StringConcat/0x000000008a120400::prepend (22 bytes)
Event: 2.763 Thread 0x000001f626947fc0 nmethod 2822 0x000001f62f7a2988 code [0x000001f62f7a2a80, 0x000001f62f7a2bf8]
Event: 2.763 Thread 0x000001f62694c850 nmethod 2823 0x000001f62f7a2c88 code [0x000001f62f7a2d80, 0x000001f62f7a2e48]
Event: 2.763 Thread 0x000001f62694a810 nmethod 2824 0x000001f62f7a2f88 code [0x000001f62f7a3080, 0x000001f62f7a31c0]
Event: 2.764 Thread 0x000001f62694b020 nmethod 2820 0x000001f62f7a3288 code [0x000001f62f7a3380, 0x000001f62f7a3aa8]
Event: 2.765 Thread 0x000001f62694b020 2825       1       java.util.zip.ZipUtils::get32S (37 bytes)
Event: 2.765 Thread 0x000001f62694b020 nmethod 2825 0x000001f62f7a3b08 code [0x000001f62f7a3c00, 0x000001f62f7a3d38]
Event: 2.782 Thread 0x000001f62694b020 2826  s    1       java.lang.Throwable::fillInStackTrace (29 bytes)
Event: 2.782 Thread 0x000001f62694b020 nmethod 2826 0x000001f62f7a3e08 code [0x000001f62f7a3f00, 0x000001f62f7a41d0]
Event: 2.787 Thread 0x000001f62694b020 2827       1       java.lang.StringConcatHelper$Concat1::concat (9 bytes)
Event: 2.787 Thread 0x000001f62694c850 2828       1       java.lang.StringConcatHelper$Concat1::concat0 (90 bytes)
Event: 2.787 Thread 0x000001f62694c850 nmethod 2828 0x000001f62f7a4208 code [0x000001f62f7a4300, 0x000001f62f7a4818]
Event: 2.788 Thread 0x000001f62694b020 nmethod 2827 0x000001f62f7a4888 code [0x000001f62f7a4980, 0x000001f62f7a4f28]

GC Heap Usage History (2 events):
Event: 1.660 {heap Before GC invocations=0 (full 0):
 garbage-first heap   total reserved 4128768K, committed 260096K, used 48277K [0x0000000704000000, 0x0000000800000000)
  region size 2048K, 24 young (49152K), 0 survivors (0K)
}
Event: 1.671 {heap After GC invocations=1 (full 0):
 garbage-first heap   total reserved 4128768K, committed 260096K, used 14741K [0x0000000704000000, 0x0000000800000000)
  region size 2048K, 3 young (6144K), 3 survivors (6144K)
}

Metaspace Usage History (2 events):
Event: 1.660 {metaspace Before GC invocations=0 (full 0):
 Metaspace       used 7401K, committed 7616K, reserved 1114112K
  class space    used 757K, committed 832K, reserved 1048576K
}
Event: 1.671 {metaspace After GC invocations=1 (full 0):
 Metaspace       used 7401K, committed 7616K, reserved 1114112K
  class space    used 757K, committed 832K, reserved 1048576K
}

Dll operation events (5 events):
Event: 0.020 Loaded shared library C:\Program Files\Java\jdk-25\bin\java.dll
Event: 0.350 Loaded shared library C:\Program Files\Java\jdk-25\bin\net.dll
Event: 0.355 Loaded shared library C:\Program Files\Java\jdk-25\bin\nio.dll
Event: 0.365 Loaded shared library C:\Program Files\Java\jdk-25\bin\zip.dll
Event: 0.646 Loaded shared library C:\Program Files\Java\jdk-25\bin\jimage.dll

Deoptimization events (0 events):
No events

Classes loaded (20 events):
Event: 2.582 Loading class java/util/concurrent/ConcurrentLinkedQueue
Event: 2.582 Loading class java/util/concurrent/ConcurrentLinkedQueue done
Event: 2.582 Loading class java/util/concurrent/ConcurrentLinkedQueue$Node
Event: 2.582 Loading class java/util/concurrent/ConcurrentLinkedQueue$Node done
Event: 2.585 Loading class java/util/concurrent/atomic/AtomicLongArray
Event: 2.585 Loading class java/util/concurrent/atomic/AtomicLongArray done
Event: 2.586 Loading class java/lang/invoke/VarHandleLongs$Array
Event: 2.586 Loading class java/lang/invoke/VarHandleLongs$Array done
Event: 2.629 Loading class sun/text/resources/cldr/FormatData_en
Event: 2.629 Loading class sun/text/resources/cldr/FormatData_en done
Event: 2.629 Loading class sun/text/resources/cldr/FormatData_en_US
Event: 2.629 Loading class sun/text/resources/cldr/FormatData_en_US done
Event: 2.656 Loading class java/io/CharArrayReader
Event: 2.657 Loading class java/io/CharArrayReader done
Event: 2.768 Loading class javax/naming/ldap/LdapContext
Event: 2.769 Loading class javax/naming/directory/DirContext
Event: 2.769 Loading class javax/naming/directory/DirContext done
Event: 2.769 Loading class javax/naming/ldap/LdapContext done
Event: 2.787 Loading class javax/naming/Referenceable
Event: 2.787 Loading class javax/naming/Referenceable done

Classes unloaded (0 events):
No events

Classes redefined (0 events):
No events

Internal exceptions (20 events):
Event: 1.628 Thread 0x000001f6244fa130 Exception <a 'java/lang/NoSuchMethodError'{0x0000000710d14758}: 'java.lang.Object java.lang.invoke.DirectMethodHandle$Holder.newInvokeSpecial(java.lang.Object, java.lang.Object, java.lang.Object, java.lang.Object, java.lang.Object, java.lang.Object, java.lang.Object)'> (0x0000000710d14758) 
thrown [s\open\src\hotspot\share\interpreter\linkResolver.cpp, line 804]
Event: 1.633 Thread 0x000001f6244fa130 Exception <a 'java/lang/NoSuchMethodError'{0x0000000710d38ef8}: 'void java.lang.invoke.DirectMethodHandle$Holder.invokeStaticInit(java.lang.Object, java.lang.Object)'> (0x0000000710d38ef8) 
thrown [s\open\src\hotspot\share\interpreter\linkResolver.cpp, line 804]
Event: 1.653 Thread 0x000001f6244fa130 Exception <a 'java/lang/NoSuchMethodError'{0x0000000710dcfce8}: 'java.lang.Object java.lang.invoke.Invokers$Holder.invokeExact_MT(java.lang.Object, java.lang.Object, java.lang.Object, java.lang.Object, java.lang.Object)'> (0x0000000710dcfce8) 
thrown [s\open\src\hotspot\share\interpreter\linkResolver.cpp, line 804]
Event: 1.679 Thread 0x000001f6244fa130 Exception <a 'java/lang/NoSuchMethodError'{0x0000000713a36b70}: 'java.lang.Object java.lang.invoke.DirectMethodHandle$Holder.invokeSpecial(java.lang.Object, java.lang.Object, java.lang.Object, java.lang.Object, java.lang.Object, java.lang.Object, int)'> (0x0000000713a36b70) 
thrown [s\open\src\hotspot\share\interpreter\linkResolver.cpp, line 804]
Event: 1.681 Thread 0x000001f6244fa130 Exception <a 'java/lang/NoSuchMethodError'{0x0000000713a48c58}: 'java.lang.Object java.lang.invoke.DirectMethodHandle$Holder.newInvokeSpecial(java.lang.Object, java.lang.Object, java.lang.Object, java.lang.Object, java.lang.Object, java.lang.Object, int)'> (0x0000000713a48c58) 
thrown [s\open\src\hotspot\share\interpreter\linkResolver.cpp, line 804]
Event: 1.682 Thread 0x000001f6244fa130 Exception <a 'java/lang/NoSuchMethodError'{0x0000000713a51d10}: 'java.lang.Object java.lang.invoke.DirectMethodHandle$Holder.invokeSpecial(java.lang.Object, java.lang.Object, java.lang.Object, java.lang.Object, java.lang.Object, java.lang.Object, java.lang.Object, int)'> (0x0000000713a51d10) 
thrown [s\open\src\hotspot\share\interpreter\linkResolver.cpp, line 804]
Event: 1.727 Thread 0x000001f6244fa130 Exception <a 'java/lang/NoSuchMethodError'{0x0000000713b80128}: 'int java.lang.invoke.DirectMethodHandle$Holder.invokeInterface(java.lang.Object, java.lang.Object)'> (0x0000000713b80128) 
thrown [s\open\src\hotspot\share\interpreter\linkResolver.cpp, line 804]
Event: 1.735 Thread 0x000001f6244fa130 Exception <a 'java/lang/NoSuchMethodError'{0x0000000713bd3b20}: 'void java.lang.invoke.DirectMethodHandle$Holder.invokeSpecial(java.lang.Object, java.lang.Object, java.lang.Object, java.lang.Object, java.lang.Object)'> (0x0000000713bd3b20) 
thrown [s\open\src\hotspot\share\interpreter\linkResolver.cpp, line 804]
Event: 1.831 Thread 0x000001f6244fa130 Exception <a 'java/lang/NoSuchMethodError'{0x000000071367ec18}: 'void java.lang.invoke.DirectMethodHandle$Holder.invokeSpecial(java.lang.Object, java.lang.Object, java.lang.Object, java.lang.Object, java.lang.Object, java.lang.Object)'> (0x000000071367ec18) 
thrown [s\open\src\hotspot\share\interpreter\linkResolver.cpp, line 804]
Event: 1.857 Thread 0x000001f6244fa130 Exception <a 'java/lang/NoSuchMethodError'{0x0000000713754c40}: 'java.lang.Object java.lang.invoke.DirectMethodHandle$Holder.newInvokeSpecial(java.lang.Object, java.lang.Object, java.lang.Object, int, java.lang.Object)'> (0x0000000713754c40) 
thrown [s\open\src\hotspot\share\interpreter\linkResolver.cpp, line 804]
Event: 1.858 Thread 0x000001f6244fa130 Exception <a 'java/lang/NoSuchMethodError'{0x0000000713765388}: 'java.lang.Object java.lang.invoke.Invokers$Holder.linkToTargetMethod(java.lang.Object, java.lang.Object, int, java.lang.Object, java.lang.Object)'> (0x0000000713765388) 
thrown [s\open\src\hotspot\share\interpreter\linkResolver.cpp, line 804]
Event: 1.861 Thread 0x000001f6244fa130 Exception <a 'java/lang/NoSuchMethodError'{0x000000071377fc58}: 'java.lang.Object java.lang.invoke.DirectMethodHandle$Holder.newInvokeSpecial(java.lang.Object, int, java.lang.Object)'> (0x000000071377fc58) 
thrown [s\open\src\hotspot\share\interpreter\linkResolver.cpp, line 804]
Event: 1.861 Thread 0x000001f6244fa130 Exception <a 'java/lang/NoSuchMethodError'{0x0000000713789368}: 'int java.lang.invoke.DirectMethodHandle$Holder.invokeSpecialIFC(java.lang.Object, java.lang.Object, java.lang.Object, java.lang.Object)'> (0x0000000713789368) 
thrown [s\open\src\hotspot\share\interpreter\linkResolver.cpp, line 804]
Event: 1.890 Thread 0x000001f6244fa130 Exception <a 'java/lang/NoSuchMethodError'{0x00000007134bbee0}: 'void java.lang.invoke.DirectMethodHandle$Holder.invokeInterface(java.lang.Object, java.lang.Object, java.lang.Object)'> (0x00000007134bbee0) 
thrown [s\open\src\hotspot\share\interpreter\linkResolver.cpp, line 804]
Event: 1.986 Thread 0x000001f6244fa130 Exception <a 'java/lang/NoSuchMethodError'{0x000000071338dfe0}: 'java.lang.Object java.lang.invoke.DirectMethodHandle$Holder.invokeVirtual(java.lang.Object, java.lang.Object, java.lang.Object)'> (0x000000071338dfe0) 
thrown [s\open\src\hotspot\share\interpreter\linkResolver.cpp, line 804]
Event: 2.014 Thread 0x000001f6244fa130 Exception <a 'java/lang/NoSuchMethodError'{0x0000000713031dd0}: 'void java.lang.invoke.DirectMethodHandle$Holder.invokeVirtual(java.lang.Object, java.lang.Object, java.lang.Object, java.lang.Object)'> (0x0000000713031dd0) 
thrown [s\open\src\hotspot\share\interpreter\linkResolver.cpp, line 804]
Event: 2.109 Thread 0x000001f6244fa130 Exception <a 'java/lang/IncompatibleClassChangeError'{0x0000000712cb4818}: Found class java.lang.Object, but interface was expected> (0x0000000712cb4818) 
thrown [s\open\src\hotspot\share\interpreter\linkResolver.cpp, line 871]
Event: 2.120 Thread 0x000001f6244fa130 Exception <a 'java/lang/NoSuchMethodError'{0x0000000712cd1d20}: 'int java.lang.invoke.DirectMethodHandle$Holder.invokeVirtual(java.lang.Object, java.lang.Object)'> (0x0000000712cd1d20) 
thrown [s\open\src\hotspot\share\interpreter\linkResolver.cpp, line 804]
Event: 2.479 Thread 0x000001f6244fa130 Exception <a 'java/lang/NoSuchMethodError'{0x0000000711881900}: 'int java.lang.invoke.DirectMethodHandle$Holder.invokeSpecial(java.lang.Object, java.lang.Object, java.lang.Object, java.lang.Object, java.lang.Object)'> (0x0000000711881900) 
thrown [s\open\src\hotspot\share\interpreter\linkResolver.cpp, line 804]
Event: 2.679 Thread 0x000001f6244fa130 Exception <a 'java/lang/IncompatibleClassChangeError'{0x0000000710d105f8}: Found class java.lang.Object, but interface was expected> (0x0000000710d105f8) 
thrown [s\open\src\hotspot\share\interpreter\linkResolver.cpp, line 871]

VM Operations (20 events):
Event: 0.994 Executing non-safepoint VM operation: HandshakeAllThreads (Deoptimize)
Event: 0.994 Executing non-safepoint VM operation: HandshakeAllThreads (Deoptimize) done
Event: 1.136 Executing non-safepoint VM operation: HandshakeAllThreads (Deoptimize)
Event: 1.136 Executing non-safepoint VM operation: HandshakeAllThreads (Deoptimize) done
Event: 1.222 Executing non-safepoint VM operation: HandshakeAllThreads (Deoptimize)
Event: 1.222 Executing non-safepoint VM operation: HandshakeAllThreads (Deoptimize) done
Event: 1.417 Executing non-safepoint VM operation: HandshakeAllThreads (Deoptimize)
Event: 1.417 Executing non-safepoint VM operation: HandshakeAllThreads (Deoptimize) done
Event: 1.436 Executing non-safepoint VM operation: HandshakeAllThreads (Deoptimize)
Event: 1.436 Executing non-safepoint VM operation: HandshakeAllThreads (Deoptimize) done
Event: 1.660 Executing safepoint VM operation: G1CollectForAllocation (G1 Evacuation Pause)
Event: 1.671 Executing safepoint VM operation: G1CollectForAllocation (G1 Evacuation Pause) done
Event: 2.087 Executing non-safepoint VM operation: HandshakeAllThreads (Deoptimize)
Event: 2.087 Executing non-safepoint VM operation: HandshakeAllThreads (Deoptimize) done
Event: 2.092 Executing non-safepoint VM operation: HandshakeAllThreads (Deoptimize)
Event: 2.092 Executing non-safepoint VM operation: HandshakeAllThreads (Deoptimize) done
Event: 2.390 Executing non-safepoint VM operation: HandshakeAllThreads (Deoptimize)
Event: 2.390 Executing non-safepoint VM operation: HandshakeAllThreads (Deoptimize) done
Event: 2.451 Executing non-safepoint VM operation: HandshakeAllThreads (Deoptimize)
Event: 2.452 Executing non-safepoint VM operation: HandshakeAllThreads (Deoptimize) done

Memory protections (0 events):
No events

Nmethod flushes (0 events):
No events

Events (17 events):
Event: 0.044 Thread 0x000001f6244fa130 Thread added: 0x000001f6244fa130
Event: 0.065 Thread 0x000001f6244fa130 Thread added: 0x000001f6376056c0
Event: 0.065 Thread 0x000001f6244fa130 Thread added: 0x000001f637606120
Event: 0.066 Thread 0x000001f6244fa130 Thread added: 0x000001f637606f80
Event: 0.066 Thread 0x000001f6244fa130 Thread added: 0x000001f637608b50
Event: 0.066 Thread 0x000001f6244fa130 Thread added: 0x000001f637609710
Event: 0.066 Thread 0x000001f6244fa130 Thread added: 0x000001f63760c2e0
Event: 0.066 Thread 0x000001f6244fa130 Thread added: 0x000001f62694a810
Event: 0.336 Thread 0x000001f6244fa130 Thread added: 0x000001f6375e2b90
Event: 0.343 Thread 0x000001f6244fa130 Thread added: 0x000001f63a1d9b90
Event: 0.358 Thread 0x000001f62694a810 Thread added: 0x000001f626947fc0
Event: 0.360 Thread 0x000001f62694a810 Thread added: 0x000001f62694b020
Event: 0.360 Thread 0x000001f62694a810 Thread added: 0x000001f62694c850
Event: 1.949 Thread 0x000001f6244fa130 Thread added: 0x000001f63f3aea50
Event: 1.964 Thread 0x000001f63f3aea50 Thread exited: 0x000001f63f3aea50
Event: 2.099 Thread 0x000001f6244fa130 Thread added: 0x000001f63f416cd0
Event: 2.745 Thread 0x000001f6244fa130 Thread added: 0x000001f63f7c3440


Dynamic libraries:
0x00007ff718b30000 - 0x00007ff718b40000 	C:\Program Files\Java\jdk-25\bin\java.exe
0x00007ffa12460000 - 0x00007ffa126c7000 	C:\WINDOWS\SYSTEM32\ntdll.dll
0x00007ffa11190000 - 0x00007ffa11259000 	C:\WINDOWS\System32\KERNEL32.DLL
0x00007ffa0f290000 - 0x00007ffa0f684000 	C:\WINDOWS\System32\KERNELBASE.dll
0x00007ffa10070000 - 0x00007ffa101bb000 	C:\WINDOWS\System32\ucrtbase.dll
0x00007ff9c91e0000 - 0x00007ff9c91f7000 	C:\Program Files\Java\jdk-25\bin\jli.dll
0x00007ffa11f00000 - 0x00007ffa120c5000 	C:\WINDOWS\System32\USER32.dll
0x00007ffa101c0000 - 0x00007ffa101e7000 	C:\WINDOWS\System32\win32u.dll
0x00007ff9c9950000 - 0x00007ff9c996e000 	C:\Program Files\Java\jdk-25\bin\VCRUNTIME140.dll
0x00007ffa10360000 - 0x00007ffa1038b000 	C:\WINDOWS\System32\GDI32.dll
0x00007ffa0eff0000 - 0x00007ffa0f11b000 	C:\WINDOWS\System32\gdi32full.dll
0x00007ffa0ed30000 - 0x00007ffa0edd3000 	C:\WINDOWS\System32\msvcp_win.dll
0x00007ff9f4240000 - 0x00007ff9f44d3000 	C:\WINDOWS\WinSxS\amd64_microsoft.windows.common-controls_6595b64144ccf1df_6.0.26100.8115_none_3e075c82e3354f9c\COMCTL32.dll
0x00007ffa10460000 - 0x00007ffa10509000 	C:\WINDOWS\System32\msvcrt.dll
0x00007ffa103c0000 - 0x00007ffa103f2000 	C:\WINDOWS\System32\IMM32.DLL
0x00007ff9fe810000 - 0x00007ff9fe81c000 	C:\Program Files\Java\jdk-25\bin\vcruntime140_1.dll
0x00007ff9ae870000 - 0x00007ff9ae8fd000 	C:\Program Files\Java\jdk-25\bin\msvcp140.dll
0x00007ff988d20000 - 0x00007ff989b7f000 	C:\Program Files\Java\jdk-25\bin\server\jvm.dll
0x00007ffa10ea0000 - 0x00007ffa10f56000 	C:\WINDOWS\System32\ADVAPI32.dll
0x00007ffa11530000 - 0x00007ffa115d7000 	C:\WINDOWS\System32\sechost.dll
0x00007ffa11410000 - 0x00007ffa11528000 	C:\WINDOWS\System32\RPCRT4.dll
0x00007ffa10d00000 - 0x00007ffa10d80000 	C:\WINDOWS\System32\WS2_32.dll
0x00007ffa0d910000 - 0x00007ffa0d96e000 	C:\WINDOWS\SYSTEM32\POWRPROF.dll
0x00007ffa00400000 - 0x00007ffa00436000 	C:\WINDOWS\SYSTEM32\WINMM.dll
0x00007ffa05400000 - 0x00007ffa0540b000 	C:\WINDOWS\SYSTEM32\VERSION.dll
0x00007ffa0d8f0000 - 0x00007ffa0d904000 	C:\WINDOWS\SYSTEM32\UMPDC.dll
0x00007ffa0dbe0000 - 0x00007ffa0dbfb000 	C:\WINDOWS\SYSTEM32\kernel.appcore.dll
0x00007ff9e5220000 - 0x00007ff9e522a000 	C:\Program Files\Java\jdk-25\bin\jimage.dll
0x00007ffa0cc90000 - 0x00007ffa0ced2000 	C:\WINDOWS\SYSTEM32\DBGHELP.DLL
0x00007ffa115e0000 - 0x00007ffa11962000 	C:\WINDOWS\System32\combase.dll
0x00007ffa10d90000 - 0x00007ffa10e68000 	C:\WINDOWS\System32\OLEAUT32.dll
0x00007ff9ec0a0000 - 0x00007ff9ec0db000 	C:\WINDOWS\SYSTEM32\dbgcore.DLL
0x00007ffa0ffc0000 - 0x00007ffa10065000 	C:\WINDOWS\System32\bcryptPrimitives.dll
0x00007ff9c95f0000 - 0x00007ff9c960f000 	C:\Program Files\Java\jdk-25\bin\java.dll
0x00007ffa11260000 - 0x00007ffa113f7000 	C:\WINDOWS\System32\ole32.dll
0x00007ffa10590000 - 0x00007ffa10cf7000 	C:\WINDOWS\System32\SHELL32.dll
0x00007ffa0f120000 - 0x00007ffa0f28a000 	C:\WINDOWS\System32\wintypes.dll
0x00007ffa0f690000 - 0x00007ffa0fef8000 	C:\WINDOWS\System32\windows.storage.dll
0x00007ffa11e00000 - 0x00007ffa11ef8000 	C:\WINDOWS\System32\SHCORE.dll
0x00007ffa120d0000 - 0x00007ffa12136000 	C:\WINDOWS\System32\shlwapi.dll
0x00007ffa0ec50000 - 0x00007ffa0ec79000 	C:\WINDOWS\SYSTEM32\profapi.dll
0x00007ff9c90f0000 - 0x00007ff9c9102000 	C:\Program Files\Java\jdk-25\bin\net.dll
0x00007ffa0e150000 - 0x00007ffa0e1bc000 	C:\WINDOWS\system32\mswsock.dll
0x00007ff9c87b0000 - 0x00007ff9c87c6000 	C:\Program Files\Java\jdk-25\bin\nio.dll
0x00007ff9c77b0000 - 0x00007ff9c77c7000 	C:\Program Files\Java\jdk-25\bin\zip.dll
0x00007ffa0d4c0000 - 0x00007ffa0d4f2000 	C:\WINDOWS\SYSTEM32\IPHLPAPI.DLL
0x00007ffa10e90000 - 0x00007ffa10e9a000 	C:\WINDOWS\System32\NSI.dll
0x00007ffa0d510000 - 0x00007ffa0d642000 	C:\WINDOWS\SYSTEM32\DNSAPI.dll
0x00007ffa05460000 - 0x00007ffa0546b000 	C:\Windows\System32\rasadhlp.dll
0x00007ffa071b0000 - 0x00007ffa07236000 	C:\WINDOWS\System32\fwpuclnt.dll

JVMTI agents: none

dbghelp: loaded successfully - version: 4.0.5 - missing functions: none
symbol engine: initialized successfully - sym options: 0x614 - pdb path: .;C:\Program Files\Java\jdk-25\bin;C:\WINDOWS\SYSTEM32;C:\WINDOWS\WinSxS\amd64_microsoft.windows.common-controls_6595b64144ccf1df_6.0.26100.8115_none_3e075c82e3354f9c;C:\Program Files\Java\jdk-25\bin\server

VM Arguments:
jvm_args: -XX:TieredStopAtLevel=1 
java_command: com.resumade.notification.NotificationServiceApplication
java_class_path (initial): C:\Users\abbuz\Desktop\Try\Working\Backend\notification-service\target\classes;C:\Users\abbuz\.m2\repository\org\springframework\boot\spring-boot\3.4.4\spring-boot-3.4.4.jar;C:\Users\abbuz\.m2\repository\org\springframework\boot\spring-boot-autoconfigure\3.4.4\spring-boot-autoconfigure-3.4.4.jar;C:\Users\abbuz\.m2\repository\ch\qos\logback\logback-classic\1.5.18\logback-classic-1.5.18.jar;C:\Users\abbuz\.m2\repository\ch\qos\logback\logback-core\1.5.18\logback-core-1.5.18.jar;C:\Users\abbuz\.m2\repository\org\apache\logging\log4j\log4j-to-slf4j\2.24.3\log4j-to-slf4j-2.24.3.jar;C:\Users\abbuz\.m2\repository\org\apache\logging\log4j\log4j-api\2.24.3\log4j-api-2.24.3.jar;C:\Users\abbuz\.m2\repository\org\slf4j\jul-to-slf4j\2.0.17\jul-to-slf4j-2.0.17.jar;C:\Users\abbuz\.m2\repository\jakarta\annotation\jakarta.annotation-api\2.1.1\jakarta.annotation-api-2.1.1.jar;C:\Users\abbuz\.m2\repository\org\yaml\snakeyaml\2.3\snakeyaml-2.3.jar;C:\Users\abbuz\.m2\repository\com\fasterxml\jackson\datatype\jackson-datatype-jdk8\2.18.3\jackson-datatype-jdk8-2.18.3.jar;C:\Users\abbuz\.m2\repository\com\fasterxml\jackson\datatype\jackson-datatype-jsr310\2.18.3\jackson-datatype-jsr310-2.18.3.jar;C:\Users\abbuz\.m2\repository\com\fasterxml\jackson\module\jackson-module-parameter-names\2.18.3\jackson-module-parameter-names-2.18.3.jar;C:\Users\abbuz\.m2\repository\org\apache\tomcat\embed\tomcat-embed-core\10.1.39\tomcat-embed-core-10.1.39.jar;C:\Users\abbuz\.m2\repository\org\apache\tomcat\embed\tomcat-embed-websocket\10.1.39\tomcat-embed-websocket-10.1.39.jar;C:\Users\abbuz\.m2\repository\org\springframework\spring-web\6.2.5\spring-web-6.2.5.jar;C:\Users\abbuz\.m2\repository\org\springframework\spring-beans\6.2.5\spring-beans-6.2.5.jar;C:\Users\abbuz\.m2\repository\org\springframework\spring-webmvc\6.2.5\spring-webmvc-6.2.5.jar;C:\Users\abbuz\.m2\repository\org\springframework\spring-context\6.2.5\spring-context-6.2.5.jar;C:\Users\abbuz\.m2\repository\org\springframework\spring-expression\6.2.5\spring-expression-6.2.5.jar;C:\Users\abbuz\.m2\repository\org\springframework\spring-aop\6.2.5\spring-aop-6.2.5.jar;C:\Users\abbuz\.m2\repository\org\springframework\security\spring-security-config\6.4.4\spring-security-config-6.4.4.jar;C:\Users\abbuz\.m2\repository\org\springframework\security\spring-security-web\6.4.4\spring-security-web-6.4.4.jar;C:\Users\abbuz\.m2\repository\com\zaxxer\HikariCP\5.1.0\HikariCP-5.1.0.jar;C:\Users\abbuz\.m2\repository\org\springframework\spring-jdbc\6.2.5\spring-jdbc-6.2.5.jar;C:\Users\abbuz\.m2\repository\org\hibernate\orm\hibernate-core\6.6.11.Final\hibernate-core-6.6.11.Final.jar;C:\Users\abbuz\.m2\repository\jakarta\persistence\jakarta.persistence-api\3.1.0\jakarta.persistence-api-3.1.0.jar;C:\Users\abbuz\.m2\repository\jakarta\transaction\jakarta.transaction-api\2.0.1\jakarta.transaction-api-2.0.1.jar;C:\Users\abbuz\.m2\repository\org\jboss\logging\jboss-logging\3.6.1.Final\jboss-logging-3.6.1.Final.jar;C:\Users\abbuz\.m2\repository\org\hibernate\common\hibernate-commons-annotations\7.0.3.Final\hibernate-commons-annotations-7.0.3.Final.jar;C:\Users\abbuz\.m2\repository\io\smallrye\jandex\3.2.0\jandex-3.2.0.jar;C:\Users\abbuz\.m2\repository\com\fasterxml\classmate\1.7.0\classmate-1.7.0.jar;C:\Users\abbuz\.m2\repository\net\bytebuddy\byte-buddy\1.15.11\byte-buddy-1.15.11.jar;C:\Users\abbuz\.m2\repository\org\glassfish\jaxb\jaxb-runtime\4.0.5\jaxb-runtime-4.0.5.jar;C:\Users\abbuz\.m2\repository\org\glassfish\jaxb\jaxb-core\4.0.5\jaxb-core-4.0.5.jar;C:\Users\abbuz\.m2\repository\org\glassfish\jaxb\txw2\4.0.5\txw2-4.0.5.jar;C:\Users\abbuz\.m2\repository\com\sun\istack\istack-commons-runtime\4.1.2\istack-commons-runtime-4.1.2.jar;C:\Users\abbuz\.m2\repository\jakarta\inject\jakarta.inject-api\2.0.1\jakarta.inject-api-2.0.1.jar;C:\Users\abbuz\.m2\repository\org\antlr\antlr4-runtime\4.13.0\antlr4-runtime-4.13.0.jar;C:\Users\abbuz\.m2\repository\org\springframework\data\spring-data-jpa\3.4.4\spring-data-jpa-3.4.4.jar;C:\Users\abbuz\.m2\repository\org\springframework\data\spring-data-commons\3.4.4\spring-data-commons-3.4.4.jar;C:\Users\abbuz\.m2\repository\org\springframework\spring-orm\6.2.5\spring-orm-6.2.5.jar;C:\Users\abbuz\.m2\repository\org\springframework\spring-tx\6.2.5\spring-tx-6.2.5.jar;C:\Users\abbuz\.m2\repository\org\slf4j\slf4j-api\2.0.17\slf4j-api-2.0.17.jar;C:\Users\abbuz\.m2\repository\org\springframework\spring-aspects\6.2.5\spring-aspects-6.2.5.jar;C:\Users\abbuz\.m2\repository\org\aspectj\aspectjweaver\1.9.23\aspectjweaver-1.9.23.jar;C:\Users\abbuz\.m2\repository\org\apache\tomcat\embed\tomcat-embed-el\10.1.39\tomcat-embed-el-10.1.39.jar;C:\Users\abbuz\.m2\repository\org\hibernate\validator\hibernate-validator\8.0.2.Final\hibernate-validator-8.0.2.Final.jar;C:\Users\abbuz\.m2\repository\jakarta\validation\jakarta.validation-api\3.0.2\jakarta.validation-api-3.0.2.jar;C:\Users\abbuz\.m2\repository\org\springframework\boot\spring-boot-actuator-autoconfigure\3.4.4\spring-boot-actuator-autoconfigure-3.4.4.jar;C:\Users\abbuz\.m2\repository\org\springframework\boot\spring-boot-actuator\3.4.4\spring-boot-actuator-3.4.4.jar;C:\Users\abbuz\.m2\repository\io\micrometer\micrometer-observation\1.14.5\micrometer-observation-1.14.5.jar;C:\Users\abbuz\.m2\repository\io\micrometer\micrometer-commons\1.14.5\micrometer-commons-1.14.5.jar;C:\Users\abbuz\.m2\repository\io\micrometer\micrometer-jakarta9\1.14.5\micrometer-jakarta9-1.14.5.jar;C:\Users\abbuz\.m2\repository\io\micrometer\micrometer-core\1.14.5\micrometer-core-1.14.5.jar;C:\Users\abbuz\.m2\repository\org\hdrhistogram\HdrHistogram\2.2.2\HdrHistogram-2.2.2.jar;C:\Users\abbuz\.m2\repository\org\latencyutils\LatencyUtils\2.0.3\LatencyUtils-2.0.3.jar;C:\Users\abbuz\.m2\repository\org\springframework\spring-messaging\6.2.5\spring-messaging-6.2.5.jar;C:\Users\abbuz\.m2\repository\org\springframework\amqp\spring-rabbit\3.2.4\spring-rabbit-3.2.4.jar;C:\Users\abbuz\.m2\repository\org\springframework\amqp\spring-amqp\3.2.4\spring-amqp-3.2.4.jar;C:\Users\abbuz\.m2\repository\org\springframework\retry\spring-retry\2.0.11\spring-retry-2.0.11.jar;C:\Users\abbuz\.m2\repository\com\rabbitmq\amqp-client\5.22.0\amqp-client-5.22.0.jar;C:\Users\abbuz\.m2\repository\org\springframework\spring-context-support\6.2.5\spring-context-support-6.2.5.jar;C:\Users\abbuz\.m2\repository\org\eclipse\angus\jakarta.mail\2.0.3\jakarta.mail-2.0.3.jar;C:\Users\abbuz\.m2\repository\jakarta\activation\jakarta.activation-api\2.1.3\jakarta.activation-api-2.1.3.jar;C:\Users\abbuz\.m2\repository\org\eclipse\angus\angus-activation\2.0.2\angus-activation-2.0.2.jar;C:\Users\abbuz\.m2\repository\org\thymeleaf\thymeleaf-spring6\3.1.3.RELEASE\thymeleaf-spring6-3.1.3.RELEASE.jar;C:\Users\abbuz\.m2\repository\org\thymeleaf\thymeleaf\3.1.3.RELEASE\thymeleaf-3.1.3.RELEASE.jar;C:\Users\abbuz\.m2\repository\org\attoparser\attoparser\2.0.7.RELEASE\attoparser-2.0.7.RELEASE.jar;C:\Users\abbuz\.m2\repository\org\unbescape\unbescape\1.1.6.RELEASE\unbescape-1.1.6.RELEASE.jar;C:\Users\abbuz\.m2\repository\org\springframework\cloud\spring-cloud-starter-netflix-eureka-client\4.2.1\spring-cloud-starter-netflix-eureka-client-4.2.1.jar;C:\Users\abbuz\.m2\repository\org\springframework\cloud\spring-cloud-starter\4.2.1\spring-cloud-starter-4.2.1.jar;C:\Users\abbuz\.m2\repository\org\springframework\cloud\spring-cloud-context\4.2.1\spring-cloud-context-4.2.1.jar;C:\Users\abbuz\.m2\repository\org\springframework\cloud\spring-cloud-commons\4.2.1\spring-cloud-commons-4.2.1.jar;C:\Users\abbuz\.m2\repository\org\bouncycastle\bcprov-jdk18on\1.78.1\bcprov-jdk18on-1.78.1.jar;C:\Users\abbuz\.m2\repository\org\springframework\cloud\spring-cloud-netflix-eureka-client\4.2.1\spring-cloud-netflix-eureka-client-4.2.1.jar;C:\Users\abbuz\.m2\repository\org\apache\httpcomponents\client5\httpclient5\5.4.2\httpclient5-5.4.2.jar;C:\Users\abbuz\.m2\repository\org\apache\httpcomponents\core5\httpcore5\5.3.3\httpcore5-5.3.3.jar;C:\Users\abbuz\.m2\repository\org\apache\httpcomponents\core5\httpcore5-h2\5.3.3\httpcore5-h2-5.3.3.jar;C:\Users\abbuz\.m2\repository\com\netflix\eureka\eureka-client\2.0.4\eureka-client-2.0.4.jar;C:\Users\abbuz\.m2\repository\com\thoughtworks\xstream\xstream\1.4.20\xstream-1.4.20.jar;C:\Users\abbuz\.m2\repository\io\github\x-stream\mxparser\1.2.2\mxparser-1.2.2.jar;C:\Users\abbuz\.m2\repository\xmlpull\xmlpull\1.1.3.1\xmlpull-1.1.3.1.jar;C:\Users\abbuz\.m2\repository\jakarta\ws\rs\jakarta.ws.rs-api\3.1.0\jakarta.ws.rs-api-3.1.0.jar;C:\Users\abbuz\.m2\repository\com\netflix\spectator\spectator-api\1.7.3\spectator-api-1.7.3.jar;C:\Users\abbuz\.m2\repository\org\apache\httpcomponents\httpclient\4.5.3\httpclient-4.5.3.jar;C:\Users\abbuz\.m2\repository\org\apache\httpcomponents\httpcore\4.4.16\httpcore-4.4.16.jar;C:\Users\abbuz\.m2\repository\commons-codec\commons-codec\1.17.2\commons-codec-1.17.2.jar;C:\Users\abbuz\.m2\repository\commons-configuration\commons-configuration\1.10\commons-configuration-1.10.jar;C:\Users\abbuz\.m2\repository\commons-lang\commons-lang\2.6\commons-lang-2.6.jar;C:\Users\abbuz\.m2\repository\com\fasterxml\jackson\core\jackson-annotations\2.18.3\jackson-annotations-2.18.3.jar;C:\Users\abbuz\.m2\repository\com\fasterxml\jackson\core\jackson-core\2.18.3\jackson-core-2.18.3.jar;C:\Users\abbuz\.m2\repository\com\netflix\netflix-commons\netflix-eventbus\0.3.0\netflix-eventbus-0.3.0.jar;C:\Users\abbuz\.m2\repository\com\netflix\netflix-commons\netflix-infix\0.3.0\netflix-infix-0.3.0.jar;C:\Users\abbuz\.m2\repository\commons-jxpath\commons-jxpath\1.3\commons-jxpath-1.3.jar;C:\Users\abbuz\.m2\repository\joda-time\joda-time\2.3\joda-time-2.3.jar;C:\Users\abbuz\.m2\repository\org\antlr\antlr-runtime\3.4\antlr-runtime-3.4.jar;C:\Users\abbuz\.m2\repository\org\antlr\stringtemplate\3.2.1\stringtemplate-3.2.1.jar;C:\Users\abbuz\.m2\repository\antlr\antlr\2.7.7\antlr-2.7.7.jar;C:\Users\abbuz\.m2\repository\com\google\guava\guava\14.0.1\guava-14.0.1.jar;C:\Users\abbuz\.m2\repository\com\google\code\gson\gson\2.11.0\gson-2.11.0.jar;C:\Users\abbuz\.m2\repository\com\google\errorprone\error_prone_annotations\2.27.0\error_prone_annotations-2.27.0.jar;C:\Users\abbuz\.m2\repository\com\netflix\servo\servo-core\0.5.3\servo-core-0.5.3.jar;C:\Users\abbuz\.m2\repository\org\apache\commons\commons-math\2.2\commons-math-2.2.jar;C:\Users\abbuz\.m2\repository\javax\annotation\javax.annotation-api\1.2\javax.annotation-api-1.2.jar;C:\Users\abbuz\.m2\repository\org\codehaus\jettison\jettison\1.5.4\jettison-1.5.4.jar;C:\Users\abbuz\.m2\repository\org\springframework\cloud\spring-cloud-starter-loadbalancer\4.2.1\spring-cloud-starter-loadbalancer-4.2.1.jar;C:\Users\abbuz\.m2\repository\org\springframework\cloud\spring-cloud-loadbalancer\4.2.1\spring-cloud-loadbalancer-4.2.1.jar;C:\Users\abbuz\.m2\repository\io\projectreactor\reactor-core\3.7.4\reactor-core-3.7.4.jar;C:\Users\abbuz\.m2\repository\org\reactivestreams\reactive-streams\1.0.4\reactive-streams-1.0.4.jar;C:\Users\abbuz\.m2\repository\io\projectreactor\addons\reactor-extra\3.5.2\reactor-extra-3.5.2.jar;C:\Users\abbuz\.m2\repository\com\stoyanr\evictor\1.0.0\evictor-1.0.0.jar;C:\Users\abbuz\.m2\repository\org\springdoc\springdoc-openapi-starter-webmvc-ui\2.8.6\springdoc-openapi-starter-webmvc-ui-2.8.6.jar;C:\Users\abbuz\.m2\repository\org\springdoc\springdoc-openapi-starter-webmvc-api\2.8.6\springdoc-openapi-starter-webmvc-api-2.8.6.jar;C:\Users\abbuz\.m2\repository\org\springdoc\springdoc-openapi-starter-common\2.8.6\springdoc-openapi-starter-common-2.8.6.jar;C:\Users\abbuz\.m2\repository\io\swagger\core\v3\swagger-core-jakarta\2.2.29\swagger-core-jakarta-2.2.29.jar;C:\Users\abbuz\.m2\repository\org\apache\commons\commons-lang3\3.17.0\commons-lang3-3.17.0.jar;C:\Users\abbuz\.m2\repository\io\swagger\core\v3\swagger-annotations-jakarta\2.2.29\swagger-annotations-jakarta-2.2.29.jar;C:\Users\abbuz\.m2\repository\io\swagger\core\v3\swagger-models-jakarta\2.2.29\swagger-models-jakarta-2.2.29.jar;C:\Users\abbuz\.m2\repository\com\fasterxml\jackson\dataformat\jackson-dataformat-yaml\2.18.3\jackson-dataformat-yaml-2.18.3.jar;C:\Users\abbuz\.m2\repository\org\webjars\swagger-ui\5.20.1\swagger-ui-5.20.1.jar;C:\Users\abbuz\.m2\repository\org\webjars\webjars-locator-lite\1.0.1\webjars-locator-lite-1.0.1.jar;C:\Users\abbuz\.m2\repository\org\jspecify\jspecify\1.0.0\jspecify-1.0.0.jar;C:\Users\abbuz\.m2\repository\io\jsonwebtoken\jjwt-api\0.12.6\jjwt-api-0.12.6.jar;C:\Users\abbuz\.m2\repository\io\jsonwebtoken\jjwt-impl\0.12.6\jjwt-impl-0.12.6.jar;C:\Users\abbuz\.m2\repository\io\jsonwebtoken\jjwt-jackson\0.12.6\jjwt-jackson-0.12.6.jar;C:\Users\abbuz\.m2\repository\com\fasterxml\jackson\core\jackson-databind\2.18.3\jackson-databind-2.18.3.jar;C:\Users\abbuz\.m2\repository\com\mysql\mysql-connector-j\9.1.0\mysql-connector-j-9.1.0.jar;C:\Users\abbuz\.m2\repository\jakarta\xml\bind\jakarta.xml.bind-api\4.0.2\jakarta.xml.bind-api-4.0.2.jar;C:\Users\abbuz\.m2\repository\org\springframework\spring-core\6.2.5\spring-core-6.2.5.jar;C:\Users\abbuz\.m2\repository\org\springframework\spring-jcl\6.2.5\spring-jcl-6.2.5.jar;C:\Users\abbuz\.m2\repository\org\springframework\security\spring-security-core\6.4.4\spring-security-core-6.4.4.jar;C:\Users\abbuz\.m2\repository\org\springframework\security\spring-security-crypto\6.4.4\spring-security-crypto-6.4.4.jar
Launcher Type: SUN_STANDARD

[Global flags]
     intx CICompilerCount                          = 4                                         {product} {ergonomic}
     uint ConcGCThreads                            = 3                                         {product} {ergonomic}
     uint G1ConcRefinementThreads                  = 10                                        {product} {ergonomic}
   size_t G1HeapRegionSize                         = 2097152                                   {product} {ergonomic}
   size_t InitialHeapSize                          = 264241152                                 {product} {ergonomic}
   size_t MarkStackSize                            = 4194304                                   {product} {ergonomic}
   size_t MarkStackSizeMax                         = 536870912                                 {product} {ergonomic}
   size_t MaxHeapSize                              = 4227858432                                {product} {ergonomic}
   size_t MaxNewSize                               = 2535456768                                {product} {ergonomic}
   size_t MinHeapDeltaBytes                        = 2097152                                   {product} {ergonomic}
   size_t MinHeapSize                              = 8388608                                   {product} {ergonomic}
    uintx NonNMethodCodeHeapSize                   = 4096                                   {pd product} {ergonomic}
    uintx NonProfiledCodeHeapSize                  = 0                                      {pd product} {ergonomic}
     bool ProfileInterpreter                       = false                                  {pd product} {command line}
    uintx ProfiledCodeHeapSize                     = 0                                      {pd product} {ergonomic}
   size_t SoftMaxHeapSize                          = 4227858432                             {manageable} {ergonomic}
     intx TieredStopAtLevel                        = 1                                         {product} {command line}
     bool UseCompressedOops                        = true                           {product lp64_product} {ergonomic}
     bool UseG1GC                                  = true                                      {product} {ergonomic}
     bool UseLargePagesIndividualAllocation        = false                                  {pd product} {ergonomic}

Logging:
Log output configuration:
 #0: stdout all=warning uptime,level,tags foldmultilines=false
 #1: stderr all=off uptime,level,tags foldmultilines=false

Release file:
IMPLEMENTOR="Oracle Corporation" 
JAVA_RUNTIME_VERSION="25.0.1+8-LTS-27" 
JAVA_VERSION="25.0.1" 
JAVA_VERSION_DATE="2025-10-21" 
LIBC="default" 
MODULES="java.base java.compiler java.datatransfer java.xml java.prefs java.desktop java.instrument java.logging java.management java.security.sasl java.naming java.rmi java.management.rmi java.net.http java.scripting java.security.jgss java.transaction.xa java.sql java.sql.rowset java.xml.crypto java.se java.smartcardio jdk.accessibility jdk.internal.jvmstat jdk.attach jdk.charsets jdk.internal.opt jdk.zipfs jdk.compiler jdk.crypto.cryptoki jdk.crypto.ec jdk.crypto.mscapi jdk.dynalink jdk.internal.ed jdk.editpad jdk.internal.vm.ci jdk.graal.compiler jdk.graal.compiler.management jdk.hotspot.agent jdk.httpserver jdk.incubator.vector jdk.internal.le jdk.internal.md jdk.jartool jdk.javadoc jdk.jcmd jdk.management jdk.management.agent jdk.jconsole jdk.jdeps jdk.jdwp.agent jdk.jdi jdk.jfr jdk.jlink jdk.jpackage jdk.jshell jdk.jsobject jdk.jstatd jdk.localedata jdk.management.jfr jdk.naming.dns jdk.naming.rmi jdk.net jdk.nio.mapmode jdk.sctp jdk.security.auth jdk.security.jgss jdk.unsupported jdk.unsupported.desktop jdk.xml.dom" 
OS_ARCH="x86_64" 
OS_NAME="Windows" 
SOURCE=".:git:862c85bc42b7 open:git:78770bfaefd2" 

Environment Variables:
PATH=c:\Users\abbuz\AppData\Roaming\Code\User\globalStorage\github.copilot-chat\debugCommand;c:\Users\abbuz\AppData\Roaming\Code\User\globalStorage\github.copilot-chat\copilotCli;C:\Users\abbuz\AppData\Local\Programs\Microsoft VS Code;C:\Python314\Scripts\;C:\Python314\;C:\Program Files\Common Files\Oracle\Java\javapath;C:\Windows\system32;C:\Windows;C:\Windows\System32\Wbem;C:\Windows\System32\WindowsPowerShell\v1.0\;C:\Windows\System32\OpenSSH\;C:\Program Files (x86)\NVIDIA Corporation\PhysX\Common;C:\Program Files\NVIDIA Corporation\NVIDIA NvDLISR;C:\WINDOWS\system32;C:\WINDOWS;C:\WINDOWS\System32\Wbem;C:\WINDOWS\System32\WindowsPowerShell\v1.0\;C:\WINDOWS\System32\OpenSSH\;C:\Program Files\Git\cmd;C:\Users\abbuz\.local\bin;C:\Program Files\nodejs\;C:\ProgramData\chocolatey\bin;C:\Program Files\MySQL\MySQL Server 8.0\bin;C:\Program Files\Apache\Maven\bin;C:\Program Files\Amazon\AWSCLIV2\;C:\Program Files\Docker\Docker\resources\bin;C:\Program Files\MySQL\MySQL Shell 8.0\bin\;C:\Users\abbuz\AppData\Local\Microsoft\WindowsApps;C:\Users\abbuz\AppData\Local\Programs\Microsoft VS Code\bin;C:\Users\abbuz\AppData\Local\Python\bin;C:\Users\abbuz\AppData\Roaming\npm;C:\Users\abbuz\AppData\Local\Programs\Antigravity\bin;C:\Users\abbuz\AppData\Local\Programs\Windsurf\bin
USERNAME=abbuz
LANG=en_US.UTF-8
OS=Windows_NT
PROCESSOR_IDENTIFIER=Intel64 Family 6 Model 141 Stepping 1, GenuineIntel
TMP=C:\Users\abbuz\AppData\Local\Temp
TEMP=C:\Users\abbuz\AppData\Local\Temp




Compilation memory statistics disabled.

Periodic native trim disabled

---------------  S Y S T E M  ---------------

OS:
 Windows 11 , 64 bit Build 26100 (10.0.26100.8246)
OS uptime: 0 days 4:42 hours
Hyper-V role detected

CPU: total 12 (initial active 12) (6 cores per cpu, 2 threads per core) family 6 model 141 stepping 1 microcode 0x34, cx8, cmov, fxsr, ht, mmx, 3dnowpref, sse, sse2, sse3, ssse3, sse4.1, sse4.2, popcnt, lzcnt, tsc, tscinvbit, avx, avx2, aes, erms, clmul, bmi1, bmi2, adx, avx512f, avx512dq, avx512cd, avx512bw, avx512vl, sha, fma, vzeroupper, avx512_vpopcntdq, avx512_vpclmulqdq, avx512_vaes, avx512_vnni, clflush, clflushopt, clwb, avx512_vbmi2, avx512_vbmi, hv, rdtscp, rdpid, fsrm, gfni, avx512_bitalg, f16c, cet_ibt, cet_ss, avx512_ifma
Processor Information for the first 12 processors :
  Max Mhz: 2688, Current Mhz: 2688, Mhz Limit: 2688

Memory: 4k page, system-wide physical 16122M (1151M free)
TotalPageFile size 32450M (AvailPageFile size 404M)
current process WorkingSet (physical memory assigned to process): 153M, peak: 153M
current process commit charge ("private bytes"): 382M, peak: 382M

vm_info: Java HotSpot(TM) 64-Bit Server VM (25.0.1+8-LTS-27) for windows-amd64 JRE (25.0.1+8-LTS-27), built on 2025-09-25T16:41:16Z with unknown MS VC++:1943

END.
