#
# There is insufficient memory for the Java Runtime Environment to continue.
# Native memory allocation (mmap) failed to map 65536 bytes. Error detail: Failed to commit metaspace.
# Possible reasons:
#   The system is out of physical RAM or swap space
#   This process is running with CompressedOops enabled, and the Java Heap may be blocking the growth of the native heap
# Possible solutions:
#   Reduce memory load on the system
#   Increase physical memory or swap space
#   Check if swap backing store is full
#   Decrease Java heap size (-Xmx/-Xms)
#   Decrease number of Java threads
#   Decrease Java thread stack sizes (-Xss)
#   Set larger code cache with -XX:ReservedCodeCacheSize=
#   JVM is running with Zero Based Compressed Oops mode in which the Java heap is
#     placed in the first 32GB address space. The Java Heap base address is the
#     maximum limit for the native heap growth. Please use -XX:HeapBaseMinAddress
#     to set the Java Heap base and to place the Java Heap above 32GB virtual address.
# This output file may be truncated or incomplete.
#
#  Out of Memory Error (virtualSpaceNode.cpp:113), pid=33252, tid=33272
#
# JRE version: Java(TM) SE Runtime Environment (25.0.1+8) (build 25.0.1+8-LTS-27)
# Java VM: Java HotSpot(TM) 64-Bit Server VM (25.0.1+8-LTS-27, mixed mode, emulated-client, sharing, tiered, compressed oops, compressed class ptrs, g1 gc, windows-amd64)
# No core dump will be written. Minidumps are not enabled by default on client versions of Windows
#

---------------  S U M M A R Y ------------

Command Line: -XX:TieredStopAtLevel=1 com.resumade.export.ExportServiceApplication

Host: 11th Gen Intel(R) Core(TM) i5-11400H @ 2.70GHz, 12 cores, 15G,  Windows 11 , 64 bit Build 26100 (10.0.26100.8246)
Time: Wed May  6 10:55:20 2026 India Standard Time elapsed time: 7.014694 seconds (0d 0h 0m 7s)

---------------  T H R E A D  ---------------

Current thread (0x0000029f54cca610):  JavaThread "main"             [_thread_in_vm, id=33272, stack(0x000000e0d3900000,0x000000e0d3a00000) (1024K)]

Stack: [0x000000e0d3900000,0x000000e0d3a00000]
Native frames: (J=compiled Java code, j=interpreted, Vv=VM code, C=native code)
V  [jvm.dll+0x7a6b59]  (no source info available)
V  [jvm.dll+0x77290d]  (no source info available)
V  [jvm.dll+0x966153]  (no source info available)
V  [jvm.dll+0x968751]  (no source info available)
V  [jvm.dll+0x968e53]  (no source info available)
V  [jvm.dll+0x2fc756]  (no source info available)
V  [jvm.dll+0x96301e]  (no source info available)
V  [jvm.dll+0x73db64]  (no source info available)
V  [jvm.dll+0x258f08]  (no source info available)
V  [jvm.dll+0x258cce]  (no source info available)
V  [jvm.dll+0x74063d]  (no source info available)
V  [jvm.dll+0x740245]  (no source info available)
V  [jvm.dll+0x29b372]  (no source info available)
V  [jvm.dll+0x73e588]  (no source info available)
V  [jvm.dll+0x74a75c]  (no source info available)
V  [jvm.dll+0x289f82]  (no source info available)
V  [jvm.dll+0x28a445]  (no source info available)
V  [jvm.dll+0x28ae1d]  (no source info available)
V  [jvm.dll+0x280856]  (no source info available)
V  [jvm.dll+0x668991]  (no source info available)
V  [jvm.dll+0x8d5696]  (no source info available)
V  [jvm.dll+0x519692]  (no source info available)
V  [jvm.dll+0x51f108]  (no source info available)
C  [java.dll+0x17f2]  (no source info available)
C  0x0000029f5fd9577a  (no source info available)

The last pc belongs to native nmethod (printed below).
Java frames: (J=compiled Java code, j=interpreted, Vv=VM code)
J 594  java.lang.ClassLoader.defineClass1(Ljava/lang/ClassLoader;Ljava/lang/String;[BIILjava/security/ProtectionDomain;Ljava/lang/String;)Ljava/lang/Class; java.base@25.0.1 (0 bytes) @ 0x0000029f5fd95741 [0x0000029f5fd95680+0x00000000000000c1]
J 1108 c1 java.lang.ClassLoader.defineClass(Ljava/lang/String;[BIILjava/security/ProtectionDomain;)Ljava/lang/Class; java.base@25.0.1 (43 bytes) @ 0x0000029f5fe39324 [0x0000029f5fe39200+0x0000000000000124]
J 1092 c1 jdk.internal.loader.BuiltinClassLoader.defineClass(Ljava/lang/String;Ljdk/internal/loader/Resource;)Ljava/lang/Class; java.base@25.0.1 (121 bytes) @ 0x0000029f5fe3601c [0x0000029f5fe35a80+0x000000000000059c]
J 1091 c1 jdk.internal.loader.BuiltinClassLoader.findClassOnClassPathOrNull(Ljava/lang/String;)Ljava/lang/Class; java.base@25.0.1 (38 bytes) @ 0x0000029f5fe33df4 [0x0000029f5fe33b80+0x0000000000000274]
J 500 c1 jdk.internal.loader.BuiltinClassLoader.loadClassOrNull(Ljava/lang/String;Z)Ljava/lang/Class; java.base@25.0.1 (143 bytes) @ 0x0000029f5fd746ac [0x0000029f5fd74280+0x000000000000042c]
J 664 c1 jdk.internal.loader.BuiltinClassLoader.loadClass(Ljava/lang/String;Z)Ljava/lang/Class; java.base@25.0.1 (22 bytes) @ 0x0000029f5fdad05c [0x0000029f5fdad000+0x000000000000005c]
J 663 c1 java.lang.ClassLoader.loadClass(Ljava/lang/String;)Ljava/lang/Class; java.base@25.0.1 (7 bytes) @ 0x0000029f5fdacd54 [0x0000029f5fdacd00+0x0000000000000054]
v  ~StubRoutines::call_stub 0x0000029f5fa212ed
j  org.springframework.validation.beanvalidation.MethodValidationInterceptor.<init>(Ljava/util/function/Supplier;Z)V+1
j  org.springframework.validation.beanvalidation.MethodValidationPostProcessor.createMethodValidationAdvice(Ljava/util/function/Supplier;)Lorg/aopalliance/aop/Advice;+9
j  org.springframework.validation.beanvalidation.MethodValidationPostProcessor.afterPropertiesSet()V+24
j  org.springframework.boot.validation.beanvalidation.FilteredMethodValidationPostProcessor.afterPropertiesSet()V+1
j  org.springframework.beans.factory.support.AbstractAutowireCapableBeanFactory.invokeInitMethods(Ljava/lang/String;Ljava/lang/Object;Lorg/springframework/beans/factory/support/RootBeanDefinition;)V+56
j  org.springframework.beans.factory.support.AbstractAutowireCapableBeanFactory.initializeBean(Ljava/lang/String;Ljava/lang/Object;Lorg/springframework/beans/factory/support/RootBeanDefinition;)Ljava/lang/Object;+34
j  org.springframework.beans.factory.support.AbstractAutowireCapableBeanFactory.doCreateBean(Ljava/lang/String;Lorg/springframework/beans/factory/support/RootBeanDefinition;[Ljava/lang/Object;)Ljava/lang/Object;+228
j  org.springframework.beans.factory.support.AbstractAutowireCapableBeanFactory.createBean(Ljava/lang/String;Lorg/springframework/beans/factory/support/RootBeanDefinition;[Ljava/lang/Object;)Ljava/lang/Object;+153
j  org.springframework.beans.factory.support.AbstractBeanFactory.lambda$doGetBean$0(Ljava/lang/String;Lorg/springframework/beans/factory/support/RootBeanDefinition;[Ljava/lang/Object;)Ljava/lang/Object;+4
j  org.springframework.beans.factory.support.AbstractBeanFactory$$Lambda+0x00000000131bf848.getObject()Ljava/lang/Object;+16
j  org.springframework.beans.factory.support.DefaultSingletonBeanRegistry.getSingleton(Ljava/lang/String;Lorg/springframework/beans/factory/ObjectFactory;)Ljava/lang/Object;+683
J 3500 c1 org.springframework.beans.factory.support.AbstractBeanFactory.doGetBean(Ljava/lang/String;Ljava/lang/Class;[Ljava/lang/Object;Z)Ljava/lang/Object; (787 bytes) @ 0x0000029f600ed2a4 [0x0000029f600ecb80+0x0000000000000724]
J 3192 c1 org.springframework.beans.factory.support.AbstractBeanFactory.getBean(Ljava/lang/String;Ljava/lang/Class;)Ljava/lang/Object; (9 bytes) @ 0x0000029f6008ee54 [0x0000029f6008ee00+0x0000000000000054]
j  org.springframework.context.support.PostProcessorRegistrationDelegate.registerBeanPostProcessors(Lorg/springframework/beans/factory/config/ConfigurableListableBeanFactory;Lorg/springframework/context/support/AbstractApplicationContext;)V+265
j  org.springframework.context.support.AbstractApplicationContext.registerBeanPostProcessors(Lorg/springframework/beans/factory/config/ConfigurableListableBeanFactory;)V+2
j  org.springframework.context.support.AbstractApplicationContext.refresh()V+67
j  org.springframework.boot.web.servlet.context.ServletWebServerApplicationContext.refresh()V+1
j  org.springframework.boot.SpringApplication.refresh(Lorg/springframework/context/ConfigurableApplicationContext;)V+1
j  org.springframework.boot.SpringApplication.refreshContext(Lorg/springframework/context/ConfigurableApplicationContext;)V+19
j  org.springframework.boot.SpringApplication.run([Ljava/lang/String;)Lorg/springframework/context/ConfigurableApplicationContext;+113
j  org.springframework.boot.SpringApplication.run([Ljava/lang/Class;[Ljava/lang/String;)Lorg/springframework/context/ConfigurableApplicationContext;+9
j  org.springframework.boot.SpringApplication.run(Ljava/lang/Class;[Ljava/lang/String;)Lorg/springframework/context/ConfigurableApplicationContext;+9
j  com.resumade.export.ExportServiceApplication.main([Ljava/lang/String;)V+3
v  ~StubRoutines::call_stub 0x0000029f5fa212ed
Lock stack of current Java thread (top to bottom):
LockStack[1]: java.lang.Object 
{0x0000000707069750} - klass: 'java/lang/Object' - flags: 

 - ---- fields (total size 2 words):
LockStack[0]: [I 
{0x00000007070614e8} - klass: {type array int} - flags: is_cloneable_fast 

 - length: 0


Compiled method (n/a) 7113  594     n 0       java.lang.ClassLoader::defineClass1 (native)
 total in heap  [0x0000029f5fd95588,0x0000029f5fd95ab0] = 1320
 main code      [0x0000029f5fd95680,0x0000029f5fd95aae] = 1070
 stub code      [0x0000029f5fd95aae,0x0000029f5fd95ab0] = 2
 mutable data [0x0000029f6f51bb30,0x0000029f6f51bb50] = 32
 relocation     [0x0000029f6f51bb30,0x0000029f6f51bb50] = 32

[Constant Pool (empty)]

[MachCode]
[Entry Point]
  # {method} {0x00000000124a3f90} 'defineClass1' '(Ljava/lang/ClassLoader;Ljava/lang/String;[BIILjava/security/ProtectionDomain;Ljava/lang/String;)Ljava/lang/Class;' in 'java/lang/ClassLoader'
  # parm0:    rdx:rdx   = 'java/lang/ClassLoader'
  # parm1:    r8:r8     = 'java/lang/String'
  # parm2:    r9:r9     = '[B'
  # parm3:    rdi       = int
  # parm4:    rsi       = int
  # parm5:    rcx:rcx   = 'java/security/ProtectionDomain'
  # parm6:    [sp+0xa0]   = 'java/lang/String'  (sp of caller)
  0x0000029f5fd95680: 6690 448b | 5208 443b 

  0x0000029f5fd95688: ;   {runtime_call Shared Runtime ic_miss_blob}
  0x0000029f5fd95688: 5008 0f85 | 5096 cdff 
[Verified Entry Point]
  0x0000029f5fd95690: 8984 2400 | 80ff ff55 | 488b ec48 | 81ec 9000 | 0000 6690 | 4181 7f20 | 0300 0000 

  0x0000029f5fd956ac: ;   {runtime_call Stub::method_entry_barrier}
  0x0000029f5fd956ac: 7405 e82d | 0fcc ff48 | 837d 1000 | 488d 4510 | 480f 4445 | 1048 8944 | 2440 4889 | 4c24 7048 
  0x0000029f5fd956cc: 83f9 0048 | 8d44 2470 | 480f 4444 | 2470 4889 | 4424 3848 | 8974 2430 | 4889 7c24 | 284c 894c 
  0x0000029f5fd956ec: 2458 4983 | f900 488d | 4424 5848 | 0f44 4424 | 5848 8944 | 2420 4c89 | 4424 5049 | 83f8 004c 
  0x0000029f5fd9570c: 8d4c 2450 | 4c0f 444c | 2450 4889 | 5424 4848 | 83fa 004c | 8d44 2448 | 4c0f 4444 

  0x0000029f5fd95728: ;   {oop(a 'java/lang/Class'{0x00000007ffe804b0} = 'java/lang/ClassLoader')}
  0x0000029f5fd95728: 2448 49be | b004 e8ff | 0700 0000 | 4c89 7424 | 784c 8d74 | 2478 498b | d6c5 f877 

  0x0000029f5fd95744: ;   {internal_word}
  0x0000029f5fd95744: 49ba 4157 | d95f 9f02 | 0000 4d89 | 9730 0400 | 0049 89a7 | 2804 0000 | 498d 8f48 | 0400 0041 
  0x0000029f5fd95764: c787 d404 | 0000 0400 

  0x0000029f5fd9576c: ;   {runtime_call}
  0x0000029f5fd9576c: 0000 48b8 | a816 5fc9 | f97f 0000 | ffd0 c5f8 | 7741 c787 | d404 0000 | 0500 0000 | f083 4424 
  0x0000029f5fd9578c: c000 493b | 6f28 0f87 | 0e00 0000 | 4183 bfd0 | 0400 0000 | 0f84 2b00 | 0000 c5f8 | 7748 8945 
  0x0000029f5fd957ac: f849 8bcf | 4c8b e448 | 83ec 2048 

  0x0000029f5fd957b8: ;   {runtime_call}
  0x0000029f5fd957b8: 83e4 f048 | b8a0 ac1a | 89f9 7f00 | 00ff d049 | 8be4 4d33 | e448 8b45 | f841 c787 | d404 0000 
  0x0000029f5fd957d8: 0800 0000 | 4183 bf50 | 0500 0002 | 0f84 9702 | 0000 49c7 | 8728 0400 | 0000 0000 | 0049 c787 
  0x0000029f5fd957f8: 3004 0000 | 0000 0000 | c5f8 7748 | 85c0 0f84 | 3502 0000 | a803 0f85 | 0800 0000 | 488b 00e9 
  0x0000029f5fd95818: 2502 0000 | a801 0f85 | 0900 0000 | 488b 40fe | e914 0200 | 0048 8b40 | ff41 807f | 4800 0f84 
  0x0000029f5fd95838: 0502 0000 | 4883 f800 | 0f84 fb01 | 0000 498b | 4f38 4885 | c90f 8414 | 0000 0048 | 83e9 0849 
  0x0000029f5fd95858: 894f 3849 | 034f 4048 | 8901 e9da | 0100 0048 | 81ec f000 | 0000 4889 | 0424 4889 | 4c24 0848 
  0x0000029f5fd95878: 8954 2410 | 4c89 4424 | 184c 894c | 2420 4c89 | 5424 284c | 895c 2430 | c5fb 1144 | 2440 c5fb 
  0x0000029f5fd95898: 114c 2448 | c5fb 1154 | 2450 c5fb | 115c 2458 | c5fb 1164 | 2460 c5fb | 116c 2468 | 62e1 ff08 
  0x0000029f5fd958b8: ;   {other}
  0x0000029f5fd958b8: 1144 240e | 62e1 ff08 | 114c 240f | 62e1 ff08 | 1154 2410 | 62e1 ff08 | 115c 2411 | 62e1 ff08 
  0x0000029f5fd958d8: 1164 2412 | 62e1 ff08 | 116c 2413 | 62e1 ff08 | 1174 2414 | 62e1 ff08 | 117c 2415 | 6261 ff08 
  0x0000029f5fd958f8: 1144 2416 | 6261 ff08 | 114c 2417 | 6261 ff08 | 1154 2418 | 6261 ff08 | 115c 2419 | 6261 ff08 
  0x0000029f5fd95918: 1164 241a | 6261 ff08 | 116c 241b | 6261 ff08 | 1174 241c | 6261 ff08 | 117c 241d | 498b d748 
  0x0000029f5fd95938: 8bc8 4883 | ec20 40f6 | c40f 0f84 | 1900 0000 | 4883 ec08 

  0x0000029f5fd9594c: ;   {runtime_call}
  0x0000029f5fd9594c: 48b8 2076 | 0d89 f97f | 0000 ffd0 | 4883 c408 | e90c 0000 

  0x0000029f5fd95960: ;   {runtime_call}
  0x0000029f5fd95960: 0048 b820 | 760d 89f9 | 7f00 00ff | d048 83c4 | 2062 61ff | 0810 7c24 | 1d62 61ff | 0810 7424 
  0x0000029f5fd95980: 1c62 61ff | 0810 6c24 | 1b62 61ff | 0810 6424 | 1a62 61ff | 0810 5c24 | 1962 61ff | 0810 5424 
  0x0000029f5fd959a0: 1862 61ff | 0810 4c24 | 1762 61ff | 0810 4424 | 1662 e1ff | 0810 7c24 | 1562 e1ff | 0810 7424 
  0x0000029f5fd959c0: 1462 e1ff | 0810 6c24 | 1362 e1ff | 0810 6424 | 1262 e1ff | 0810 5c24 | 1162 e1ff | 0810 5424 
  0x0000029f5fd959e0: 1062 e1ff | 0810 4c24 | 0f62 e1ff | 0810 4424 | 0ec5 fb10 | 6c24 68c5 | fb10 6424 | 60c5 fb10 
  0x0000029f5fd95a00: 5c24 58c5 | fb10 5424 | 50c5 fb10 | 4c24 48c5 | fb10 4424 | 404c 8b5c | 2430 4c8b | 5424 284c 
  0x0000029f5fd95a20: 8b4c 2420 | 4c8b 4424 | 1848 8b54 | 2410 488b | 4c24 0848 | 8b04 2448 | 81c4 f000 | 0000 c5f8 
  0x0000029f5fd95a40: 7749 8b8f | b804 0000 | c781 0001 | 0000 0000 

  0x0000029f5fd95a50: ;   {poll_return}
  0x0000029f5fd95a50: 0000 c941 | f647 2801 

  0x0000029f5fd95a58: ;   {internal_word}
  0x0000029f5fd95a58: 7416 49ba | 535a d95f | 9f02 0000 | 4d89 97e0 

  0x0000029f5fd95a68: ;   {runtime_call SafepointBlob}
  0x0000029f5fd95a68: 0400 00e9 | f0c7 cdff | 4983 7f08 | 000f 8501 | 0000 00c3 

  0x0000029f5fd95a7c: ;   {runtime_call Stub::forward_exception}
  0x0000029f5fd95a7c: e95f b7c8 | ffc5 f877 | 4889 45f8 | 4c8b e448 | 83ec 2048 

  0x0000029f5fd95a90: ;   {runtime_call}
  0x0000029f5fd95a90: 83e4 f048 | b810 f753 | 89f9 7f00 | 00ff d049 | 8be4 4d33 | e448 8b45 | f8e9 3cfd | ffff f4f4 
[/MachCode]


Compiled method (c1) 7135 1108       1       java.lang.ClassLoader::defineClass (43 bytes)
 total in heap  [0x0000029f5fe39108,0x0000029f5fe39440] = 824
 main code      [0x0000029f5fe39200,0x0000029f5fe393c8] = 456
 stub code      [0x0000029f5fe393c8,0x0000029f5fe39440] = 120
 mutable data [0x0000029f6fb4da90,0x0000029f6fb4db38] = 168
 relocation     [0x0000029f6fb4da90,0x0000029f6fb4daf8] = 104
 metadata       [0x0000029f6fb4daf8,0x0000029f6fb4db38] = 64
 immutable data [0x0000029f6fb6a630,0x0000029f6fb6a7c8] = 408
 dependencies   [0x0000029f6fb6a630,0x0000029f6fb6a648] = 24
 nul chk table  [0x0000029f6fb6a648,0x0000029f6fb6a670] = 40
 scopes pcs     [0x0000029f6fb6a670,0x0000029f6fb6a710] = 160
 scopes data    [0x0000029f6fb6a710,0x0000029f6fb6a7c8] = 184

[Constant Pool (empty)]

[MachCode]
[Instructions begin]
  0x0000029f5fe39200: 6666 660f | 1f84 0000 | 0000 0066 | 6666 9066 | 6690 448b | 5208 443b 

  0x0000029f5fe39218: ;   {runtime_call Shared Runtime ic_miss_blob}
  0x0000029f5fe39218: 5008 0f85 | c05a c3ff 
[Verified Entry Point]
  0x0000029f5fe39220: 8984 2400 | 80ff ff55 | 4881 ecb0 | 0000 0090 | 4181 7f20 | 0300 0000 

  0x0000029f5fe39238: ;   {runtime_call Stub::method_entry_barrier}
  0x0000029f5fe39238: 7405 e8a1 | d3c1 ff48 | 8954 2478 | 89b4 2494 | 0000 0089 | bc24 9000 | 0000 4c89 | 8c24 8800 
  0x0000029f5fe39258: 0000 498b | d84c 8bc3 | 4c8b c948 | 8bca 488b | d148 899c | 2480 0000 | 0066 0f1f 

  0x0000029f5fe39274: ;   {optimized virtual_call}
  0x0000029f5fe39274: 4400 00e8 

  0x0000029f5fe39278: ; ImmutableOopMap {[120]=Oop [128]=Oop [136]=Oop }
                      ;*invokevirtual preDefineClass {reexecute=0 rethrow=0 return_oop=0}
                      ; - java.lang.ClassLoader::defineClass@4 (line 960)
  0x0000029f5fe39278: a415 0000 

  0x0000029f5fe3927c: ;   {post_call_nop}
  0x0000029f5fe3927c: 0f1f 8400 | 7401 0000 | 4889 8424 | 9800 0000 

  0x0000029f5fe3928c: ; implicit exception: dispatches to 0x0000029f5fe3936f
  0x0000029f5fe3928c: 448b 4010 | 49c1 e003 | 4d85 c00f | 850f 0000 

  0x0000029f5fe3929c: ;   {oop(nullptr)}
  0x0000029f5fe3929c: 0048 bb00 | 0000 0000 | 0000 00e9 | 4300 0000 

  0x0000029f5fe392ac: ; implicit exception: dispatches to 0x0000029f5fe39374
  0x0000029f5fe392ac: 458b 400c | 49c1 e003 | 4d85 c00f | 850f 0000 

  0x0000029f5fe392bc: ;   {oop(nullptr)}
  0x0000029f5fe392bc: 0048 bb00 | 0000 0000 | 0000 00e9 | 2300 0000 

  0x0000029f5fe392cc: ; implicit exception: dispatches to 0x0000029f5fe39379
  0x0000029f5fe392cc: 418b 5038 | 48c1 e203 

  0x0000029f5fe392d4: ; implicit exception: dispatches to 0x0000029f5fe3937e
                      ;   {optimized virtual_call}
  0x0000029f5fe392d4: 483b 02e8 

  0x0000029f5fe392d8: ; ImmutableOopMap {[120]=Oop [128]=Oop [136]=Oop [152]=Oop }
                      ;*invokevirtual toExternalForm {reexecute=0 rethrow=0 return_oop=0}
                      ; - java.net.URL::toExternalForm@5 (line 1153)
                      ; - java.net.URL::toString@1 (line 1139)
                      ; - java.lang.ClassLoader::defineClassSourceLocation@22 (line 864)
                      ; - java.lang.ClassLoader::defineClass@12 (line 961)
  0x0000029f5fe392d8: 444d f3ff 

  0x0000029f5fe392dc: ;   {post_call_nop}
  0x0000029f5fe392dc: 0f1f 8400 | d401 0001 | 488b d848 | 8b84 2498 | 0000 008b | b424 9400 | 0000 8bbc | 2490 0000 
  0x0000029f5fe392fc: 004c 8b8c | 2488 0000 | 004c 8b84 | 2480 0000 | 0048 8b54 | 2478 4c8b | da49 8bd3 | 488b c848 
  0x0000029f5fe3931c: ;   {static_call}
  0x0000029f5fe3931c: 891c 24e8 

  0x0000029f5fe39320: ; ImmutableOopMap {[120]=Oop [152]=Oop }
                      ;*invokestatic defineClass1 {reexecute=0 rethrow=0 return_oop=0}
                      ; - java.lang.ClassLoader::defineClass@27 (line 962)
  0x0000029f5fe39320: 6cc3 f5ff 

  0x0000029f5fe39324: ;   {post_call_nop}
  0x0000029f5fe39324: 0f1f 8400 | 1c02 0002 | 4c8b c04c | 8b8c 2498 | 0000 0048 | 8b54 2478 | 4889 8424 | a000 0000 
  0x0000029f5fe39344: ;   {optimized virtual_call}
  0x0000029f5fe39344: 6666 90e8 

  0x0000029f5fe39348: ; ImmutableOopMap {[160]=Oop }
                      ;*invokevirtual postDefineClass {reexecute=0 rethrow=0 return_oop=0}
                      ; - java.lang.ClassLoader::defineClass@37 (line 963)
  0x0000029f5fe39348: 5407 0000 

  0x0000029f5fe3934c: ;   {post_call_nop}
  0x0000029f5fe3934c: 0f1f 8400 | 4402 0003 | 488b 8424 | a000 0000 | 4881 c4b0 | 0000 005d 

  0x0000029f5fe39364: ;   {poll_return}
  0x0000029f5fe39364: 493b 6728 | 0f87 1500 

  0x0000029f5fe3936c: ;   {runtime_call C1 Runtime throw_null_pointer_exception_blob}
  0x0000029f5fe3936c: 0000 c3e8 

  0x0000029f5fe39370: ; ImmutableOopMap {rax=Oop [120]=Oop [128]=Oop [136]=Oop [152]=Oop }
                      ;*invokevirtual getCodeSource {reexecute=0 rethrow=0 return_oop=0}
                      ; - java.lang.ClassLoader::defineClassSourceLocation@1 (line 861)
                      ; - java.lang.ClassLoader::defineClass@12 (line 961)
  0x0000029f5fe39370: ec10 cfff 

  0x0000029f5fe39374: ;   {runtime_call C1 Runtime throw_null_pointer_exception_blob}
  0x0000029f5fe39374: e8e7 10cf 

  0x0000029f5fe39378: ; ImmutableOopMap {rax=Oop [120]=Oop [128]=Oop [136]=Oop [152]=Oop }
                      ;*invokevirtual getLocation {reexecute=0 rethrow=0 return_oop=0}
                      ; - java.lang.ClassLoader::defineClassSourceLocation@12 (line 863)
                      ; - java.lang.ClassLoader::defineClass@12 (line 961)
                      ;   {runtime_call C1 Runtime throw_null_pointer_exception_blob}
  0x0000029f5fe39378: ffe8 e210 

  0x0000029f5fe3937c: ; ImmutableOopMap {r8=Oop [120]=Oop [128]=Oop [136]=Oop [152]=Oop }
                      ;*invokevirtual toString {reexecute=0 rethrow=0 return_oop=0}
                      ; - java.lang.ClassLoader::defineClassSourceLocation@22 (line 864)
                      ; - java.lang.ClassLoader::defineClass@12 (line 961)
                      ;   {runtime_call C1 Runtime throw_null_pointer_exception_blob}
  0x0000029f5fe3937c: cfff e8dd 

  0x0000029f5fe39380: ; ImmutableOopMap {r8=Oop rdx=Oop [120]=Oop [128]=Oop [136]=Oop [152]=Oop }
                      ;*invokevirtual toExternalForm {reexecute=0 rethrow=0 return_oop=0}
                      ; - java.net.URL::toExternalForm@5 (line 1153)
                      ; - java.net.URL::toString@1 (line 1139)
                      ; - java.lang.ClassLoader::defineClassSourceLocation@22 (line 864)
                      ; - java.lang.ClassLoader::defineClass@12 (line 961)
                      ;   {internal_word}
  0x0000029f5fe39380: 10cf ff49 | ba64 93e3 | 5f9f 0200 | 004d 8997 | e004 0000 

  0x0000029f5fe39394: ;   {runtime_call SafepointBlob}
  0x0000029f5fe39394: e9c7 8ec3 | ff49 8b87 | 8805 0000 | 49c7 8788 | 0500 0000 | 0000 0049 | c787 9005 | 0000 0000 
  0x0000029f5fe393b4: 0000 4881 | c4b0 0000 

  0x0000029f5fe393bc: ;   {runtime_call C1 Runtime unwind_exception_blob}
  0x0000029f5fe393bc: 005d e99d | 01cf fff4 | f4f4 f4f4 
[Stub Code]
  0x0000029f5fe393c8: ;   {other}
  0x0000029f5fe393c8: 0f1f 4400 

  0x0000029f5fe393cc: ;   {static_stub}
  0x0000029f5fe393cc: 0048 bb00 | 0000 0000 

  0x0000029f5fe393d4: ;   {runtime_call nmethod}
  0x0000029f5fe393d4: 0000 00e9 | fbff ffff 

  0x0000029f5fe393dc: ;   {static_stub}
  0x0000029f5fe393dc: 48bb 4840 | 4a12 0000 

  0x0000029f5fe393e4: ;   {runtime_call I2C/C2I adapters}
  0x0000029f5fe393e4: 0000 e9cf 

  0x0000029f5fe393e8: ;   {static_stub}
  0x0000029f5fe393e8: 3ac3 ff48 | bb00 0000 | 0000 0000 

  0x0000029f5fe393f4: ;   {runtime_call nmethod}
  0x0000029f5fe393f4: 00e9 fbff 

  0x0000029f5fe393f8: ;   {static_stub}
  0x0000029f5fe393f8: ffff 48bb | 0000 0000 | 0000 0000 

  0x0000029f5fe39404: ;   {runtime_call nmethod}
  0x0000029f5fe39404: e9fb ffff 

  0x0000029f5fe39408: ;   {runtime_call C1 Runtime handle_exception_from_callee_blob}
  0x0000029f5fe39408: ffe8 d236 

  0x0000029f5fe3940c: ;   {external_word}
  0x0000029f5fe3940c: cfff 48b9 | 4808 7d89 | f97f 0000 | 4883 e4f0 

  0x0000029f5fe3941c: ;   {runtime_call}
  0x0000029f5fe3941c: 48b8 008d | 4089 f97f | 0000 ffd0 

  0x0000029f5fe39428: ;   {section_word}
  0x0000029f5fe39428: f449 ba29 | 94e3 5f9f | 0200 0041 

  0x0000029f5fe39434: ;   {runtime_call DeoptimizationBlob}
  0x0000029f5fe39434: 52e9 a675 | c3ff f4f4 | f4f4 f4f4 
[/MachCode]


Compiled method (c1) 7154 1092       1       jdk.internal.loader.BuiltinClassLoader::defineClass (121 bytes)
 total in heap  [0x0000029f5fe35988,0x0000029f5fe362d8] = 2384
 main code      [0x0000029f5fe35a80,0x0000029f5fe361b8] = 1848
 stub code      [0x0000029f5fe361b8,0x0000029f5fe362d8] = 288
 mutable data [0x0000029f6fb327c0,0x0000029f6fb32960] = 416
 relocation     [0x0000029f6fb327c0,0x0000029f6fb32908] = 328
 metadata       [0x0000029f6fb32908,0x0000029f6fb32960] = 88
 immutable data [0x0000029f6fb6ce90,0x0000029f6fb6d2e0] = 1104
 dependencies   [0x0000029f6fb6ce90,0x0000029f6fb6ceb0] = 32
 nul chk table  [0x0000029f6fb6ceb0,0x0000029f6fb6ced0] = 32
 handler table  [0x0000029f6fb6ced0,0x0000029f6fb6cee8] = 24
 scopes pcs     [0x0000029f6fb6cee8,0x0000029f6fb6d088] = 416
 scopes data    [0x0000029f6fb6d088,0x0000029f6fb6d2e0] = 600

[Constant Pool (empty)]

[MachCode]
[Instructions begin]
  0x0000029f5fe35a80: 6666 660f | 1f84 0000 | 0000 0066 | 6666 9066 | 6690 448b | 5208 443b 

  0x0000029f5fe35a98: ;   {runtime_call Shared Runtime ic_miss_blob}
  0x0000029f5fe35a98: 5008 0f85 | 4092 c3ff 
[Verified Entry Point]
  0x0000029f5fe35aa0: 8984 2400 | 80ff ff55 | 4881 ec00 | 0100 0090 | 4181 7f20 | 0300 0000 

  0x0000029f5fe35ab8: ;   {runtime_call Stub::method_entry_barrier}
  0x0000029f5fe35ab8: 7405 e821 | 0bc2 ff48 | 8994 24a0 | 0000 004c | 8984 2490 | 0000 004c | 898c 2498 | 0000 0049 
  0x0000029f5fe35ad8: 8bd1 6666 | 9048 b850 | 4050 6f9f 

  0x0000029f5fe35ae4: ;   {virtual_call}
  0x0000029f5fe35ae4: 0200 00e8 

  0x0000029f5fe35ae8: ; ImmutableOopMap {[144]=Oop [152]=Oop [160]=Oop }
                      ;*invokevirtual getCodeSourceURL {reexecute=0 rethrow=0 return_oop=0}
                      ; - jdk.internal.loader.BuiltinClassLoader::defineClass@1 (line 756)
  0x0000029f5fe35ae8: cc08 e5ff 

  0x0000029f5fe35aec: ;   {post_call_nop}
  0x0000029f5fe35aec: 0f1f 8400 | 6401 0000 | 4889 8424 | a800 0000 | 4c8b 8424 | 9000 0000 

  0x0000029f5fe35b04: ; implicit exception: dispatches to 0x0000029f5fe360b8
  0x0000029f5fe35b04: 418b 7014 | 48c1 e603 

  0x0000029f5fe35b0c: ; implicit exception: dispatches to 0x0000029f5fe360bd
  0x0000029f5fe35b0c: 8b56 0c45 | 0fbe 4810 | 498b c9c1 | e118 c1f9 | 18d3 fa48 | 8bfa ffcf | 4585 c9ba | 0000 0000 
  0x0000029f5fe35b2c: 7505 ba01 | 0000 0083 | e201 85d2 | 488b d641 | b82e 0000 | 004c 8bcf | 0f84 1700 | 0000 0f1f 
  0x0000029f5fe35b4c: ;   {static_call}
  0x0000029f5fe35b4c: 4400 00e8 

  0x0000029f5fe35b50: ; ImmutableOopMap {[144]=Oop [152]=Oop [160]=Oop [168]=Oop }
                      ;*invokestatic lastIndexOf {reexecute=0 rethrow=0 return_oop=0}
                      ; - java.lang.String::lastIndexOf@13 (line 2638)
                      ; - java.lang.String::lastIndexOf@8 (line 2600)
                      ; - jdk.internal.loader.BuiltinClassLoader::defineClass@8 (line 759)
  0x0000029f5fe35b50: ac56 d0ff 

  0x0000029f5fe35b54: ;   {post_call_nop}
  0x0000029f5fe35b54: 0f1f 8400 | cc01 0001 | e913 0000 | 0066 0f1f 

  0x0000029f5fe35b64: ;   {static_call}
  0x0000029f5fe35b64: 4400 00e8 

  0x0000029f5fe35b68: ; ImmutableOopMap {[144]=Oop [152]=Oop [160]=Oop [168]=Oop }
                      ;*invokestatic lastIndexOf {reexecute=0 rethrow=0 return_oop=0}
                      ; - java.lang.String::lastIndexOf@25 (line 2639)
                      ; - java.lang.String::lastIndexOf@8 (line 2600)
                      ; - jdk.internal.loader.BuiltinClassLoader::defineClass@8 (line 759)
  0x0000029f5fe35b68: 74a0 c3ff 

  0x0000029f5fe35b6c: ;   {post_call_nop}
  0x0000029f5fe35b6c: 0f1f 8400 | e401 0002 | 83f8 ff0f | 847f 0000 | 0041 b800 | 0000 004c | 8bc8 488b | 9424 9000 
  0x0000029f5fe35b8c: ;   {optimized virtual_call}
  0x0000029f5fe35b8c: 0000 90e8 

  0x0000029f5fe35b90: ; ImmutableOopMap {[144]=Oop [152]=Oop [160]=Oop [168]=Oop }
                      ;*invokevirtual substring {reexecute=0 rethrow=0 return_oop=0}
                      ; - jdk.internal.loader.BuiltinClassLoader::defineClass@23 (line 761)
  0x0000029f5fe35b90: 0cdb e3ff 

  0x0000029f5fe35b94: ;   {post_call_nop}
  0x0000029f5fe35b94: 0f1f 8400 | 0c02 0003 | 488b 9424 | 9800 0000 | 4889 8424 | b000 0000 | 9048 b878 | 4050 6f9f 
  0x0000029f5fe35bb4: ;   {virtual_call}
  0x0000029f5fe35bb4: 0200 00e8 

  0x0000029f5fe35bb8: ; ImmutableOopMap {[144]=Oop [152]=Oop [160]=Oop [168]=Oop [176]=Oop }
                      ;*invokevirtual getManifest {reexecute=0 rethrow=0 return_oop=0}
                      ; - jdk.internal.loader.BuiltinClassLoader::defineClass@29 (line 762)
  0x0000029f5fe35bb8: 5c59 0800 

  0x0000029f5fe35bbc: ;   {post_call_nop}
  0x0000029f5fe35bbc: 0f1f 8400 | 3402 0004 | 4c8b 8424 | b000 0000 | 4c8b c848 | 8bbc 24a8 | 0000 0048 | 8b94 24a0 
  0x0000029f5fe35bdc: 0000 0066 | 0f1f 4400 | 0048 b8a0 | 4050 6f9f 

  0x0000029f5fe35bec: ;   {virtual_call}
  0x0000029f5fe35bec: 0200 00e8 

  0x0000029f5fe35bf0: ; ImmutableOopMap {[144]=Oop [152]=Oop [160]=Oop [168]=Oop }
                      ;*invokevirtual defineOrCheckPackage {reexecute=0 rethrow=0 return_oop=0}
                      ; - jdk.internal.loader.BuiltinClassLoader::defineClass@40 (line 763)
  0x0000029f5fe35bf0: 1ee6 ffff 

  0x0000029f5fe35bf4: ;   {post_call_nop}
  0x0000029f5fe35bf4: 0f1f 8400 | 6c02 0005 | 4c8b 8c24 | 9800 0000 | 488d 9424 | e000 0000 | 4c89 4a08 | 498b 0141 
  0x0000029f5fe35c14: 8bb7 d806 | 0000 81fe | 2807 0000 | 0f8d 9c04 | 0000 4d3b | 4c37 f80f | 8425 0000 | 00a8 020f 
  0x0000029f5fe35c34: 8589 0400 | 0048 8bf0 | 4883 e6fe | 4883 c801 | f049 0fb1 | 310f 8573 | 0400 0041 | 8bb7 d806 
  0x0000029f5fe35c54: 0000 4d89 | 0c37 83c6 | 0841 89b7 | d806 0000 | 418b 510c | 48c1 e203 | 4885 d20f | 8553 0000 
  0x0000029f5fe35c74: 0049 8bd1 | 0f1f 4400 | 0048 b8c8 | 4050 6f9f 

  0x0000029f5fe35c84: ;   {virtual_call}
  0x0000029f5fe35c84: 0200 00e8 

  0x0000029f5fe35c88: ; ImmutableOopMap {[144]=Oop [152]=Oop [160]=Oop [168]=Oop [232]=Oop }
                      ;*invokevirtual getInputStream {reexecute=0 rethrow=0 return_oop=0}
                      ; - jdk.internal.loader.Resource::cachedInputStream@9 (line 76)
                      ; - jdk.internal.loader.Resource::getByteBuffer@1 (line 133)
                      ; - jdk.internal.loader.BuiltinClassLoader::defineClass@45 (line 767)
  0x0000029f5fe35c88: 0403 e5ff 

  0x0000029f5fe35c8c: ;   {post_call_nop}
  0x0000029f5fe35c8c: 0f1f 8400 | 0403 0006 | 410f be57 | 4885 d24c | 8b8c 2498 | 0000 000f | 852c 0400 | 004c 8bd0 
  0x0000029f5fe35cac: 49c1 ea03 | 4589 510c | 498b d148 | 33d0 48c1 | ea15 4883 | fa00 0f85 | 2d04 0000 | 418b 510c 
  0x0000029f5fe35ccc: 48c1 e203 | 488d 8424 | e000 0000 | 488b 7808 | 418b b7d8 | 0600 0049 | 3b7c 37f8 | 0f85 1f04 
  0x0000029f5fe35cec: 0000 4183 | afd8 0600 | 0008 493b | 7c37 f00f | 842a 0000 | 0048 8b07 | a802 0f85 | 1200 0000 
  0x0000029f5fe35d0c: 488b f048 | 83ce 01f0 | 480f b137 | 0f84 0d00 | 0000 4183 | 87d8 0600 | 0008 e9e2 | 0300 0048 
  0x0000029f5fe35d2c: 85d2 0f84 | 3f00 0000 

  0x0000029f5fe35d34: ;   {metadata('sun/nio/ByteBuffered')}
  0x0000029f5fe35d34: 48b8 2867 | 4212 0000 | 0000 8b5a | 0841 ba00 | 0000 1249 | 03da 483b | 4320 0f84 | 2400 0000 
  0x0000029f5fe35d54: 483b d80f | 841b 0000 

  0x0000029f5fe35d5c: ;   {runtime_call C1 Runtime slow_subtype_check_blob}
  0x0000029f5fe35d5c: 0053 50e8 | 7c79 cfff | 5b5b 85db | 0f84 0500 | 0000 e905 | 0000 0048 | 33f6 eb05 | be01 0000 
  0x0000029f5fe35d7c: 0085 f60f | 8464 0000 | 0048 85d2 | 0f84 3f00 

  0x0000029f5fe35d8c: ;   {metadata('sun/nio/ByteBuffered')}
  0x0000029f5fe35d8c: 0000 48bb | 2867 4212 | 0000 0000 | 8b7a 0841 | ba00 0000 | 1249 03fa | 483b 5f20 | 0f84 1f00 
  0x0000029f5fe35dac: 0000 483b | fb0f 8416 | 0000 0057 

  0x0000029f5fe35db8: ;   {runtime_call C1 Runtime slow_subtype_check_blob}
  0x0000029f5fe35db8: 53e8 2279 | cfff 5f5f | 85ff 0f84 | 5b03 0000 | e900 0000 | 0048 b8f0 | 4050 6f9f 

  0x0000029f5fe35dd4: ;   {virtual_call}
  0x0000029f5fe35dd4: 0200 00e8 

  0x0000029f5fe35dd8: ; ImmutableOopMap {[144]=Oop [152]=Oop [160]=Oop [168]=Oop }
                      ;*invokeinterface getByteBuffer {reexecute=0 rethrow=0 return_oop=0}
                      ; - jdk.internal.loader.Resource::getByteBuffer@16 (line 135)
                      ; - jdk.internal.loader.BuiltinClassLoader::defineClass@45 (line 767)
  0x0000029f5fe35dd8: 0499 c3ff 

  0x0000029f5fe35ddc: ;   {post_call_nop}
  0x0000029f5fe35ddc: 0f1f 8400 | 5404 0007 | e90a 0000 

  0x0000029f5fe35de8: ;   {oop(nullptr)}
  0x0000029f5fe35de8: 0048 b800 | 0000 0000 | 0000 0048 | 85c0 0f84 | fb00 0000 | 4889 8424 | b800 0000 | 488b 9424 
  0x0000029f5fe35e08: 9800 0000 | 9048 b818 | 4150 6f9f 

  0x0000029f5fe35e14: ;   {virtual_call}
  0x0000029f5fe35e14: 0200 00e8 

  0x0000029f5fe35e18: ; ImmutableOopMap {[144]=Oop [160]=Oop [168]=Oop [184]=Oop }
                      ;*invokevirtual getCodeSigners {reexecute=0 rethrow=0 return_oop=0}
                      ; - jdk.internal.loader.BuiltinClassLoader::defineClass@56 (line 769)
  0x0000029f5fe35e18: c498 c3ff 

  0x0000029f5fe35e1c: ;   {post_call_nop}
  0x0000029f5fe35e1c: 0f1f 8400 | 9404 0008 

  0x0000029f5fe35e24: ;   {metadata('java/security/CodeSource')}
  0x0000029f5fe35e24: 4c8b c848 | ba78 9d1c | 1200 0000 | 0049 8b87 | c801 0000 | 488d 7828 | 493b bfd8 | 0100 000f 
  0x0000029f5fe35e44: 87e3 0200 | 0049 89bf | c801 0000 | 48c7 0001 | 0000 0048 | 8bca 41ba | 0000 0012 | 492b ca89 
  0x0000029f5fe35e64: 4808 4833 | c989 480c | 4833 c948 | 8948 1048 | 8948 1848 | 8948 204c | 8b84 24a8 | 0000 0048 
  0x0000029f5fe35e84: 8bd0 4889 | 8424 c000 

  0x0000029f5fe35e8c: ;   {optimized virtual_call}
  0x0000029f5fe35e8c: 0000 90e8 

  0x0000029f5fe35e90: ; ImmutableOopMap {[144]=Oop [160]=Oop [184]=Oop [192]=Oop }
                      ;*invokespecial <init> {reexecute=0 rethrow=0 return_oop=0}
                      ; - jdk.internal.loader.BuiltinClassLoader::defineClass@68 (line 770)
  0x0000029f5fe35e90: 4c93 c3ff 

  0x0000029f5fe35e94: ;   {post_call_nop}
  0x0000029f5fe35e94: 0f1f 8400 | 0c05 0009 | 4c8b 8424 | c000 0000 | 488b 9424 | a000 0000 

  0x0000029f5fe35eac: ;   {optimized virtual_call}
  0x0000029f5fe35eac: 6666 90e8 

  0x0000029f5fe35eb0: ; ImmutableOopMap {[144]=Oop [160]=Oop [184]=Oop }
                      ;*invokevirtual getProtectionDomain {reexecute=0 rethrow=0 return_oop=0}
                      ; - java.security.SecureClassLoader::defineClass@5 (line 176)
                      ; - jdk.internal.loader.BuiltinClassLoader::defineClass@79 (line 771)
  0x0000029f5fe35eb0: 2c93 c3ff 

  0x0000029f5fe35eb4: ;   {post_call_nop}
  0x0000029f5fe35eb4: 0f1f 8400 | 2c05 000a | 4c8b 8424 | 9000 0000 | 4c8b 8c24 | b800 0000 | 488b f848 | 8b94 24a0 
  0x0000029f5fe35ed4: ;   {optimized virtual_call}
  0x0000029f5fe35ed4: 0000 00e8 

  0x0000029f5fe35ed8: ; ImmutableOopMap {}
                      ;*invokevirtual defineClass {reexecute=0 rethrow=0 return_oop=0}
                      ; - java.security.SecureClassLoader::defineClass@8 (line 176)
                      ; - jdk.internal.loader.BuiltinClassLoader::defineClass@79 (line 771)
  0x0000029f5fe35ed8: 0493 c3ff 

  0x0000029f5fe35edc: ;   {post_call_nop}
  0x0000029f5fe35edc: 0f1f 8400 | 5405 000b | 4881 c400 | 0100 005d 

  0x0000029f5fe35eec: ;   {poll_return}
  0x0000029f5fe35eec: 493b 6728 | 0f87 4302 | 0000 c34c | 8b8c 2498 | 0000 0049 | 8bd1 6666 | 9048 b840 | 4150 6f9f 
  0x0000029f5fe35f0c: ;   {virtual_call}
  0x0000029f5fe35f0c: 0200 00e8 

  0x0000029f5fe35f10: ; ImmutableOopMap {[144]=Oop [152]=Oop [160]=Oop [168]=Oop }
                      ;*invokevirtual getBytes {reexecute=0 rethrow=0 return_oop=0}
                      ; - jdk.internal.loader.BuiltinClassLoader::defineClass@84 (line 773)
  0x0000029f5fe35f10: 2c04 e5ff 

  0x0000029f5fe35f14: ;   {post_call_nop}
  0x0000029f5fe35f14: 0f1f 8400 | 8c05 000c | 4889 8424 | c800 0000 | 488b 9424 | 9800 0000 | 9048 b868 | 4150 6f9f 
  0x0000029f5fe35f34: ;   {virtual_call}
  0x0000029f5fe35f34: 0200 00e8 

  0x0000029f5fe35f38: ; ImmutableOopMap {[144]=Oop [160]=Oop [168]=Oop [200]=Oop }
                      ;*invokevirtual getCodeSigners {reexecute=0 rethrow=0 return_oop=0}
                      ; - jdk.internal.loader.BuiltinClassLoader::defineClass@90 (line 774)
  0x0000029f5fe35f38: 1c07 e5ff 

  0x0000029f5fe35f3c: ;   {post_call_nop}
  0x0000029f5fe35f3c: 0f1f 8400 | b405 000d 

  0x0000029f5fe35f44: ;   {metadata('java/security/CodeSource')}
  0x0000029f5fe35f44: 4c8b c848 | ba78 9d1c | 1200 0000 | 0049 8b87 | c801 0000 | 488d 7828 | 493b bfd8 | 0100 000f 
  0x0000029f5fe35f64: 87e6 0100 | 0049 89bf | c801 0000 | 48c7 0001 | 0000 0048 | 8bca 41ba | 0000 0012 | 492b ca89 
  0x0000029f5fe35f84: 4808 4833 | c989 480c | 4833 c948 | 8948 1048 | 8948 1848 | 8948 204c | 8b84 24a8 | 0000 0048 
  0x0000029f5fe35fa4: 8bd0 4889 | 8424 d000 

  0x0000029f5fe35fac: ;   {optimized virtual_call}
  0x0000029f5fe35fac: 0000 90e8 

  0x0000029f5fe35fb0: ; ImmutableOopMap {[144]=Oop [160]=Oop [200]=Oop [208]=Oop }
                      ;*invokespecial <init> {reexecute=0 rethrow=0 return_oop=0}
                      ; - jdk.internal.loader.BuiltinClassLoader::defineClass@102 (line 775)
  0x0000029f5fe35fb0: ec20 0000 

  0x0000029f5fe35fb4: ;   {post_call_nop}
  0x0000029f5fe35fb4: 0f1f 8400 | 2c06 000e | 488b 8424 | c800 0000 

  0x0000029f5fe35fc4: ; implicit exception: dispatches to 0x0000029f5fe3615c
  0x0000029f5fe35fc4: 8b70 0c4c | 8b84 24d0 | 0000 0048 | 8b94 24a0 | 0000 0089 | b424 d800 

  0x0000029f5fe35fdc: ;   {optimized virtual_call}
  0x0000029f5fe35fdc: 0000 90e8 

  0x0000029f5fe35fe0: ; ImmutableOopMap {[144]=Oop [160]=Oop [200]=Oop }
                      ;*invokevirtual getProtectionDomain {reexecute=0 rethrow=0 return_oop=0}
                      ; - java.security.SecureClassLoader::defineClass@9 (line 144)
                      ; - jdk.internal.loader.BuiltinClassLoader::defineClass@117 (line 776)
  0x0000029f5fe35fe0: 3c28 0000 

  0x0000029f5fe35fe4: ;   {post_call_nop}
  0x0000029f5fe35fe4: 0f1f 8400 | 5c06 000f | 4c8b 8424 | 9000 0000 | 4c8b 8c24 | c800 0000 | bf00 0000 | 008b b424 
  0x0000029f5fe36004: d800 0000 | 488b c848 | 8b94 24a0 | 0000 000f 

  0x0000029f5fe36014: ;   {optimized virtual_call}
  0x0000029f5fe36014: 1f40 00e8 

  0x0000029f5fe36018: ; ImmutableOopMap {}
                      ;*invokevirtual defineClass {reexecute=0 rethrow=0 return_oop=0}
                      ; - java.security.SecureClassLoader::defineClass@12 (line 144)
                      ; - jdk.internal.loader.BuiltinClassLoader::defineClass@117 (line 776)
  0x0000029f5fe36018: 0432 0000 

  0x0000029f5fe3601c: ;   {post_call_nop}
  0x0000029f5fe3601c: 0f1f 8400 | 9406 0010 | 4881 c400 | 0100 005d 

  0x0000029f5fe3602c: ;   {poll_return}
  0x0000029f5fe3602c: 493b 6728 | 0f87 2b01 | 0000 c349 | 8b87 8805 | 0000 4d33 | d24d 8997 | 8805 0000 | 4d33 d24d 
  0x0000029f5fe3604c: 8997 9005 | 0000 488b | f048 8d84 | 24e0 0000 | 0048 8b58 | 0841 8bbf | d806 0000 | 493b 5c3f 
  0x0000029f5fe3606c: f80f 8504 | 0100 0041 | 83af d806 | 0000 0849 | 3b5c 3ff0 | 0f84 2a00 | 0000 488b | 03a8 020f 
  0x0000029f5fe3608c: 8512 0000 | 0048 8bf8 | 4883 cf01 | f048 0fb1 | 3b0f 840d | 0000 0041 | 8387 d806 | 0000 08e9 
  0x0000029f5fe360ac: c700 0000 | 488b c6e9 | f200 0000 

  0x0000029f5fe360b8: ;   {runtime_call C1 Runtime throw_null_pointer_exception_blob}
  0x0000029f5fe360b8: e8a3 43cf 

  0x0000029f5fe360bc: ; ImmutableOopMap {rax=Oop r8=Oop [144]=Oop [152]=Oop [160]=Oop [168]=Oop }
                      ;*invokevirtual lastIndexOf {reexecute=0 rethrow=0 return_oop=0}
                      ; - jdk.internal.loader.BuiltinClassLoader::defineClass@8 (line 759)
                      ;   {runtime_call C1 Runtime throw_null_pointer_exception_blob}
  0x0000029f5fe360bc: ffe8 9e43 

  0x0000029f5fe360c0: ; ImmutableOopMap {rax=Oop r8=Oop rsi=Oop [144]=Oop [152]=Oop [160]=Oop [168]=Oop }
                      ;*arraylength {reexecute=0 rethrow=0 return_oop=0}
                      ; - java.lang.String::length@4 (line 1583)
                      ; - java.lang.String::lastIndexOf@3 (line 2600)
                      ; - jdk.internal.loader.BuiltinClassLoader::defineClass@8 (line 759)
  0x0000029f5fe360c0: cfff 4c89 | 4c24 0848 

  0x0000029f5fe360c8: ;   {runtime_call C1 Runtime monitorenter_nofpu_blob}
  0x0000029f5fe360c8: 8914 24e8 

  0x0000029f5fe360cc: ; ImmutableOopMap {r9=Oop [144]=Oop [152]=Oop [160]=Oop [168]=Oop [232]=Oop }
                      ;*synchronization entry
                      ; - jdk.internal.loader.Resource::cachedInputStream@-1 (line 75)
                      ; - jdk.internal.loader.Resource::getByteBuffer@1 (line 133)
                      ; - jdk.internal.loader.BuiltinClassLoader::defineClass@45 (line 767)
  0x0000029f5fe360cc: 907f cfff | e98f fbff | ff41 8b51 | 0c48 c1e2 | 0348 83fa | 000f 84c2 | fbff ff48 

  0x0000029f5fe360e8: ;   {runtime_call g1_pre_barrier_slow}
  0x0000029f5fe360e8: 8914 24e8 | f0c3 cfff | e9b4 fbff | ff48 83f8 | 000f 84c9 | fbff ff4c 

  0x0000029f5fe36100: ;   {runtime_call g1_post_barrier_slow}
  0x0000029f5fe36100: 890c 24e8 | d8c6 cfff | e9bb fbff | ff48 8d84 | 24e0 0000 | 0048 8904 

  0x0000029f5fe36118: ;   {runtime_call C1 Runtime monitorexit_nofpu_blob}
  0x0000029f5fe36118: 24e8 c285 | cfff e908 | fcff ff48 

  0x0000029f5fe36124: ;   {runtime_call C1 Runtime throw_class_cast_exception_blob}
  0x0000029f5fe36124: 8914 24e8 

  0x0000029f5fe36128: ; ImmutableOopMap {[144]=Oop [152]=Oop [160]=Oop [168]=Oop }
                      ;*checkcast {reexecute=0 rethrow=0 return_oop=0}
                      ; - jdk.internal.loader.Resource::getByteBuffer@13 (line 135)
                      ; - jdk.internal.loader.BuiltinClassLoader::defineClass@45 (line 767)
  0x0000029f5fe36128: b46f cfff 

  0x0000029f5fe3612c: ;   {runtime_call C1 Runtime fast_new_instance_blob}
  0x0000029f5fe3612c: 488b d2e8 

  0x0000029f5fe36130: ; ImmutableOopMap {r9=Oop [144]=Oop [160]=Oop [168]=Oop [184]=Oop }
                      ;*new {reexecute=0 rethrow=0 return_oop=0}
                      ; - jdk.internal.loader.BuiltinClassLoader::defineClass@61 (line 770)
  0x0000029f5fe36130: 2c4d cfff | e942 fdff 

  0x0000029f5fe36138: ;   {internal_word}
  0x0000029f5fe36138: ff49 baec | 5ee3 5f9f | 0200 004d | 8997 e004 

  0x0000029f5fe36148: ;   {runtime_call SafepointBlob}
  0x0000029f5fe36148: 0000 e911 | c1c3 ff48 

  0x0000029f5fe36150: ;   {runtime_call C1 Runtime fast_new_instance_blob}
  0x0000029f5fe36150: 8bd2 e809 

  0x0000029f5fe36154: ; ImmutableOopMap {r9=Oop [144]=Oop [160]=Oop [168]=Oop [200]=Oop }
                      ;*new {reexecute=0 rethrow=0 return_oop=0}
                      ; - jdk.internal.loader.BuiltinClassLoader::defineClass@95 (line 775)
  0x0000029f5fe36154: 4dcf ffe9 | 3ffe ffff 

  0x0000029f5fe3615c: ;   {runtime_call C1 Runtime throw_null_pointer_exception_blob}
  0x0000029f5fe3615c: e8ff 42cf 

  0x0000029f5fe36160: ; ImmutableOopMap {rax=Oop [144]=Oop [160]=Oop [200]=Oop [208]=Oop }
                      ;*arraylength {reexecute=0 rethrow=0 return_oop=0}
                      ; - jdk.internal.loader.BuiltinClassLoader::defineClass@114 (line 776)
                      ;   {internal_word}
  0x0000029f5fe36160: ff49 ba2c | 60e3 5f9f | 0200 004d | 8997 e004 

  0x0000029f5fe36170: ;   {runtime_call SafepointBlob}
  0x0000029f5fe36170: 0000 e9e9 | c0c3 ff48 | 8d84 24e0 | 0000 0048 

  0x0000029f5fe36180: ;   {runtime_call C1 Runtime monitorexit_nofpu_blob}
  0x0000029f5fe36180: 8904 24e8 | 5885 cfff | e923 ffff | ff49 8b87 | 8805 0000 | 49c7 8788 | 0500 0000 | 0000 0049 
  0x0000029f5fe361a0: c787 9005 | 0000 0000 | 0000 4881 | c400 0100 

  0x0000029f5fe361b0: ;   {runtime_call C1 Runtime unwind_exception_blob}
  0x0000029f5fe361b0: 005d e9a9 | 33cf fff4 
[Stub Code]
  0x0000029f5fe361b8: ;   {other}
  0x0000029f5fe361b8: 0f1f 4400 

  0x0000029f5fe361bc: ;   {static_stub}
  0x0000029f5fe361bc: 0048 bb00 | 0000 0000 

  0x0000029f5fe361c4: ;   {runtime_call nmethod}
  0x0000029f5fe361c4: 0000 00e9 | fbff ffff 

  0x0000029f5fe361cc: ;   {static_stub}
  0x0000029f5fe361cc: 9048 bb00 | 0000 0000 

  0x0000029f5fe361d4: ;   {runtime_call nmethod}
  0x0000029f5fe361d4: 0000 00e9 | fbff ffff 

  0x0000029f5fe361dc: ;   {static_stub}
  0x0000029f5fe361dc: 9048 bb00 | 0000 0000 

  0x0000029f5fe361e4: ;   {runtime_call nmethod}
  0x0000029f5fe361e4: 0000 00e9 | fbff ffff 

  0x0000029f5fe361ec: ;   {static_stub}
  0x0000029f5fe361ec: 9048 bb00 | 0000 0000 

  0x0000029f5fe361f4: ;   {runtime_call nmethod}
  0x0000029f5fe361f4: 0000 00e9 | fbff ffff 

  0x0000029f5fe361fc: ;   {static_stub}
  0x0000029f5fe361fc: 9048 bb00 | 0000 0000 

  0x0000029f5fe36204: ;   {runtime_call nmethod}
  0x0000029f5fe36204: 0000 00e9 | fbff ffff 

  0x0000029f5fe3620c: ;   {static_stub}
  0x0000029f5fe3620c: 9048 bb00 | 0000 0000 

  0x0000029f5fe36214: ;   {runtime_call nmethod}
  0x0000029f5fe36214: 0000 00e9 | fbff ffff 

  0x0000029f5fe3621c: ;   {static_stub}
  0x0000029f5fe3621c: 9048 bb00 | 0000 0000 

  0x0000029f5fe36224: ;   {runtime_call nmethod}
  0x0000029f5fe36224: 0000 00e9 | fbff ffff 

  0x0000029f5fe3622c: ;   {static_stub}
  0x0000029f5fe3622c: 9048 bb00 | 0000 0000 

  0x0000029f5fe36234: ;   {runtime_call nmethod}
  0x0000029f5fe36234: 0000 00e9 | fbff ffff 

  0x0000029f5fe3623c: ;   {static_stub}
  0x0000029f5fe3623c: 48bb 0000 | 0000 0000 

  0x0000029f5fe36244: ;   {runtime_call nmethod}
  0x0000029f5fe36244: 0000 e9fb 

  0x0000029f5fe36248: ;   {static_stub}
  0x0000029f5fe36248: ffff ff48 | bb00 0000 | 0000 0000 

  0x0000029f5fe36254: ;   {runtime_call nmethod}
  0x0000029f5fe36254: 00e9 fbff 

  0x0000029f5fe36258: ;   {static_stub}
  0x0000029f5fe36258: ffff 48bb | 0000 0000 | 0000 0000 

  0x0000029f5fe36264: ;   {runtime_call nmethod}
  0x0000029f5fe36264: e9fb ffff 

  0x0000029f5fe36268: ;   {static_stub}
  0x0000029f5fe36268: ff48 bb00 | 0000 0000 

  0x0000029f5fe36270: ;   {runtime_call nmethod}
  0x0000029f5fe36270: 0000 00e9 | fbff ffff 

  0x0000029f5fe36278: ;   {static_stub}
  0x0000029f5fe36278: 48bb 0000 | 0000 0000 

  0x0000029f5fe36280: ;   {runtime_call nmethod}
  0x0000029f5fe36280: 0000 e9fb 

  0x0000029f5fe36284: ;   {static_stub}
  0x0000029f5fe36284: ffff ff48 | bb00 0000 | 0000 0000 

  0x0000029f5fe36290: ;   {runtime_call nmethod}
  0x0000029f5fe36290: 00e9 fbff 

  0x0000029f5fe36294: ;   {static_stub}
  0x0000029f5fe36294: ffff 48bb | 0000 0000 | 0000 0000 

  0x0000029f5fe362a0: ;   {runtime_call nmethod}
  0x0000029f5fe362a0: e9fb ffff 

  0x0000029f5fe362a4: ;   {runtime_call C1 Runtime handle_exception_from_callee_blob}
  0x0000029f5fe362a4: ffe8 3668 

  0x0000029f5fe362a8: ;   {external_word}
  0x0000029f5fe362a8: cfff 48b9 | 4808 7d89 | f97f 0000 | 4883 e4f0 

  0x0000029f5fe362b8: ;   {runtime_call}
  0x0000029f5fe362b8: 48b8 008d | 4089 f97f | 0000 ffd0 

  0x0000029f5fe362c4: ;   {section_word}
  0x0000029f5fe362c4: f449 bac5 | 62e3 5f9f | 0200 0041 

  0x0000029f5fe362d0: ;   {runtime_call DeoptimizationBlob}
  0x0000029f5fe362d0: 52e9 0aa7 | c3ff f4f4 
[/MachCode]


---------------  P R O C E S S  ---------------

Threads class SMR info:
_java_thread_list=0x0000029f703bcdf0, length=13, elements={
0x0000029f54cca610, 0x0000029f67e5eba0, 0x0000029f67e5f4b0, 0x0000029f67e646b0,
0x0000029f67e66500, 0x0000029f67e67d90, 0x0000029f67e6a4d0, 0x0000029f571e95d0,
0x0000029f571ea5f0, 0x0000029f6aa4dc50, 0x0000029f6aa58840, 0x0000029f571e9de0,
0x0000029f571eee80
}

Java Threads: ( => current thread )
=>0x0000029f54cca610 JavaThread "main"                              [_thread_in_vm, id=33272, stack(0x000000e0d3900000,0x000000e0d3a00000) (1024K)]
  0x0000029f67e5eba0 JavaThread "Reference Handler"          daemon [_thread_blocked, id=33316, stack(0x000000e0d4100000,0x000000e0d4200000) (1024K)]
  0x0000029f67e5f4b0 JavaThread "Finalizer"                  daemon [_thread_blocked, id=33320, stack(0x000000e0d4200000,0x000000e0d4300000) (1024K)]
  0x0000029f67e646b0 JavaThread "Signal Dispatcher"          daemon [_thread_blocked, id=33324, stack(0x000000e0d4300000,0x000000e0d4400000) (1024K)]
  0x0000029f67e66500 JavaThread "Attach Listener"            daemon [_thread_blocked, id=33328, stack(0x000000e0d4400000,0x000000e0d4500000) (1024K)]
  0x0000029f67e67d90 JavaThread "Service Thread"             daemon [_thread_blocked, id=33332, stack(0x000000e0d4500000,0x000000e0d4600000) (1024K)]
  0x0000029f67e6a4d0 JavaThread "Monitor Deflation Thread"   daemon [_thread_blocked, id=33336, stack(0x000000e0d4600000,0x000000e0d4700000) (1024K)]
  0x0000029f571e95d0 JavaThread "C1 CompilerThread0"         daemon [_thread_blocked, id=33340, stack(0x000000e0d4700000,0x000000e0d4800000) (1024K)]
  0x0000029f571ea5f0 JavaThread "C1 CompilerThread1"         daemon [_thread_blocked, id=33348, stack(0x000000e0d4800000,0x000000e0d4900000) (1024K)]
  0x0000029f6aa4dc50 JavaThread "Notification Thread"        daemon [_thread_blocked, id=33352, stack(0x000000e0d4900000,0x000000e0d4a00000) (1024K)]
  0x0000029f6aa58840 JavaThread "Common-Cleaner"             daemon [_thread_blocked, id=33356, stack(0x000000e0d4a00000,0x000000e0d4b00000) (1024K)]
  0x0000029f571e9de0 JavaThread "C1 CompilerThread2"         daemon [_thread_blocked, id=33360, stack(0x000000e0d4b00000,0x000000e0d4c00000) (1024K)]
  0x0000029f571eee80 JavaThread "C1 CompilerThread3"         daemon [_thread_blocked, id=33372, stack(0x000000e0d4c00000,0x000000e0d4d00000) (1024K)]
Total: 13

Other Threads:
  0x0000029f67e4b6c0 VMThread "VM Thread"                           [id=33312, stack(0x000000e0d4000000,0x000000e0d4100000) (1024K)]
  0x0000029f67e36fd0 WatcherThread "VM Periodic Task Thread"        [id=33308, stack(0x000000e0d3f00000,0x000000e0d4000000) (1024K)]
  0x0000029f5724a580 WorkerThread "GC Thread#0"                     [id=33276, stack(0x000000e0d3a00000,0x000000e0d3b00000) (1024K)]
  0x0000029f6f670560 WorkerThread "GC Thread#1"                     [id=33408, stack(0x000000e0d4d00000,0x000000e0d4e00000) (1024K)]
  0x0000029f6f6716a0 WorkerThread "GC Thread#2"                     [id=33412, stack(0x000000e0d4e00000,0x000000e0d4f00000) (1024K)]
  0x0000029f6f66efd0 WorkerThread "GC Thread#3"                     [id=33416, stack(0x000000e0d4f00000,0x000000e0d5000000) (1024K)]
  0x0000029f6f66e730 WorkerThread "GC Thread#4"                     [id=33420, stack(0x000000e0d5000000,0x000000e0d5100000) (1024K)]
  0x0000029f6f66f870 WorkerThread "GC Thread#5"                     [id=33424, stack(0x000000e0d5100000,0x000000e0d5200000) (1024K)]
  0x0000029f6f670e00 WorkerThread "GC Thread#6"                     [id=33640, stack(0x000000e0d5400000,0x000000e0d5500000) (1024K)]
  0x0000029f6f671250 WorkerThread "GC Thread#7"                     [id=33644, stack(0x000000e0d5500000,0x000000e0d5600000) (1024K)]
  0x0000029f6f66eb80 WorkerThread "GC Thread#8"                     [id=33648, stack(0x000000e0d5600000,0x000000e0d5700000) (1024K)]
  0x0000029f6f671af0 WorkerThread "GC Thread#9"                     [id=33652, stack(0x000000e0d5700000,0x000000e0d5800000) (1024K)]
  0x0000029f67ca7ea0 ConcurrentGCThread "G1 Main Marker"            [id=33280, stack(0x000000e0d3b00000,0x000000e0d3c00000) (1024K)]
  0x0000029f67ca8a40 WorkerThread "G1 Conc#0"                       [id=33284, stack(0x000000e0d3c00000,0x000000e0d3d00000) (1024K)]
  0x0000029f6f66e2e0 WorkerThread "G1 Conc#1"                       [id=33656, stack(0x000000e0d5800000,0x000000e0d5900000) (1024K)]
  0x0000029f702faaf0 WorkerThread "G1 Conc#2"                       [id=33660, stack(0x000000e0d5900000,0x000000e0d5a00000) (1024K)]
  0x0000029f67d053f0 ConcurrentGCThread "G1 Refine#0"               [id=33288, stack(0x000000e0d3d00000,0x000000e0d3e00000) (1024K)]
  0x0000029f67d06000 ConcurrentGCThread "G1 Service"                [id=33292, stack(0x000000e0d3e00000,0x000000e0d3f00000) (1024K)]
Total: 18

Threads with active compile tasks:
Total: 0

VM state: not at safepoint (normal execution)

VM Mutex/Monitor currently owned by a thread:  ([mutex/lock_event])
[0x00007ff989a972e8] Metaspace_lock - owner thread: 0x0000029f54cca610

Heap address: 0x0000000704000000, size: 4032 MB, Compressed Oops mode: Zero based, Oop shift amount: 3

CDS archive(s) mapped at: [0x0000000012000000-0x0000000012dd0000-0x0000000012dd0000), size 14483456, SharedBaseAddress: 0x0000000012000000, ArchiveRelocationMode: 1.
Compressed class space mapped at: 0x0000000013000000-0x0000000053000000, reserved size: 1073741824
UseCompressedClassPointers 1, UseCompactObjectHeaders 0
Narrow klass pointer bits 32, Max shift 3
Narrow klass base: 0x0000000012000000, Narrow klass shift: 0
Encoding Range: [0x0000000012000000 - 0x0000000112000000), (4294967296 bytes)
Klass Range:    [0x0000000012010000 - 0x0000000053000000), (1090453504 bytes)
Klass ID Range:  [65536 - 1090519033) (1090453497)
Protection zone: [0x0000000012000000 - 0x0000000012010000), (65536 bytes)

GC Precious Log:
 CardTable entry size: 512
 Card Set container configuration: InlinePtr #cards 4 size 8 Array Of Cards #cards 16 size 48 Howl #buckets 8 coarsen threshold 3686 Howl Bitmap #cards 512 size 80 coarsen threshold 460 Card regions per heap region 1 cards per card region 4096
 CPUs: 12 total, 12 available
 Memory: 16122M
 Large Page Support: Disabled
 NUMA Support: Disabled
 Compressed Oops: Enabled (Zero based)
 Heap Region Size: 2M
 Heap Min Capacity: 8M
 Heap Initial Capacity: 252M
 Heap Max Capacity: 4032M
 Pre-touch: Disabled
 Parallel Workers: 10
 Concurrent Workers: 3
 Concurrent Refinement Workers: 10
 Periodic GC: Disabled

Heap:
 garbage-first heap   total reserved 4128768K, committed 110592K, used 63446K [0x0000000704000000, 0x0000000800000000)
  region size 2048K, 25 young (51200K), 6 survivors (12288K)

Heap Regions: E=young(eden), S=young(survivor), O=old, HS=humongous(starts), HC=humongous(continues), CS=collection set, F=free, TAMS=top-at-mark-start, PB=parsable bottom
|   0|0x0000000704000000, 0x0000000704200000, 0x0000000704200000|100%| O|  |TAMS 0x0000000704000000| PB 0x0000000704000000| Untracked |  0
|   1|0x0000000704200000, 0x0000000704400000, 0x0000000704400000|100%| O|  |TAMS 0x0000000704200000| PB 0x0000000704200000| Untracked |  0
|   2|0x0000000704400000, 0x0000000704600000, 0x0000000704600000|100%| O|  |TAMS 0x0000000704400000| PB 0x0000000704400000| Untracked |  0
|   3|0x0000000704600000, 0x0000000704800000, 0x0000000704800000|100%| O|  |TAMS 0x0000000704600000| PB 0x0000000704600000| Untracked |  0
|   4|0x0000000704800000, 0x0000000704a00000, 0x0000000704a00000|100%| O|  |TAMS 0x0000000704800000| PB 0x0000000704800000| Untracked |  0
|   5|0x0000000704a00000, 0x0000000704a00000, 0x0000000704c00000|  0%| F|  |TAMS 0x0000000704a00000| PB 0x0000000704a00000| Untracked |  0
|   6|0x0000000704c00000, 0x0000000704c00000, 0x0000000704e00000|  0%| F|  |TAMS 0x0000000704c00000| PB 0x0000000704c00000| Untracked |  0
|   7|0x0000000704e00000, 0x0000000704e00000, 0x0000000705000000|  0%| F|  |TAMS 0x0000000704e00000| PB 0x0000000704e00000| Untracked |  0
|   8|0x0000000705000000, 0x0000000705000000, 0x0000000705200000|  0%| F|  |TAMS 0x0000000705000000| PB 0x0000000705000000| Untracked |  0
|   9|0x0000000705200000, 0x0000000705200000, 0x0000000705400000|  0%| F|  |TAMS 0x0000000705200000| PB 0x0000000705200000| Untracked |  0
|  10|0x0000000705400000, 0x0000000705400000, 0x0000000705600000|  0%| F|  |TAMS 0x0000000705400000| PB 0x0000000705400000| Untracked |  0
|  11|0x0000000705600000, 0x0000000705600000, 0x0000000705800000|  0%| F|  |TAMS 0x0000000705600000| PB 0x0000000705600000| Untracked |  0
|  12|0x0000000705800000, 0x0000000705800000, 0x0000000705a00000|  0%| F|  |TAMS 0x0000000705800000| PB 0x0000000705800000| Untracked |  0
|  13|0x0000000705a00000, 0x0000000705a00000, 0x0000000705c00000|  0%| F|  |TAMS 0x0000000705a00000| PB 0x0000000705a00000| Untracked |  0
|  14|0x0000000705c00000, 0x0000000705c00000, 0x0000000705e00000|  0%| F|  |TAMS 0x0000000705c00000| PB 0x0000000705c00000| Untracked |  0
|  15|0x0000000705e00000, 0x0000000705e00000, 0x0000000706000000|  0%| F|  |TAMS 0x0000000705e00000| PB 0x0000000705e00000| Untracked |  0
|  16|0x0000000706000000, 0x0000000706000000, 0x0000000706200000|  0%| F|  |TAMS 0x0000000706000000| PB 0x0000000706000000| Untracked |  0
|  17|0x0000000706200000, 0x0000000706200000, 0x0000000706400000|  0%| F|  |TAMS 0x0000000706200000| PB 0x0000000706200000| Untracked |  0
|  18|0x0000000706400000, 0x0000000706400000, 0x0000000706600000|  0%| F|  |TAMS 0x0000000706400000| PB 0x0000000706400000| Untracked |  0
|  19|0x0000000706600000, 0x0000000706600000, 0x0000000706800000|  0%| F|  |TAMS 0x0000000706600000| PB 0x0000000706600000| Untracked |  0
|  20|0x0000000706800000, 0x0000000706800000, 0x0000000706a00000|  0%| F|  |TAMS 0x0000000706800000| PB 0x0000000706800000| Untracked |  0
|  21|0x0000000706a00000, 0x0000000706a00000, 0x0000000706c00000|  0%| F|  |TAMS 0x0000000706a00000| PB 0x0000000706a00000| Untracked |  0
|  22|0x0000000706c00000, 0x0000000706c00000, 0x0000000706e00000|  0%| F|  |TAMS 0x0000000706c00000| PB 0x0000000706c00000| Untracked |  0
|  23|0x0000000706e00000, 0x0000000706e00000, 0x0000000707000000|  0%| F|  |TAMS 0x0000000706e00000| PB 0x0000000706e00000| Untracked |  0
|  24|0x0000000707000000, 0x0000000707100000, 0x0000000707200000| 50%| E|  |TAMS 0x0000000707000000| PB 0x0000000707000000| Complete |  0
|  25|0x0000000707200000, 0x0000000707400000, 0x0000000707400000|100%| E|CS|TAMS 0x0000000707200000| PB 0x0000000707200000| Complete |  0
|  26|0x0000000707400000, 0x0000000707600000, 0x0000000707600000|100%| E|CS|TAMS 0x0000000707400000| PB 0x0000000707400000| Complete |  0
|  27|0x0000000707600000, 0x0000000707800000, 0x0000000707800000|100%| E|CS|TAMS 0x0000000707600000| PB 0x0000000707600000| Complete |  0
|  28|0x0000000707800000, 0x0000000707a00000, 0x0000000707a00000|100%| E|CS|TAMS 0x0000000707800000| PB 0x0000000707800000| Complete |  0
|  29|0x0000000707a00000, 0x0000000707c00000, 0x0000000707c00000|100%| E|CS|TAMS 0x0000000707a00000| PB 0x0000000707a00000| Complete |  0
|  30|0x0000000707c00000, 0x0000000707e00000, 0x0000000707e00000|100%| E|CS|TAMS 0x0000000707c00000| PB 0x0000000707c00000| Complete |  0
|  31|0x0000000707e00000, 0x0000000708000000, 0x0000000708000000|100%| E|CS|TAMS 0x0000000707e00000| PB 0x0000000707e00000| Complete |  0
|  32|0x0000000708000000, 0x0000000708200000, 0x0000000708200000|100%| E|CS|TAMS 0x0000000708000000| PB 0x0000000708000000| Complete |  0
|  33|0x0000000708200000, 0x0000000708400000, 0x0000000708400000|100%| E|CS|TAMS 0x0000000708200000| PB 0x0000000708200000| Complete |  0
|  34|0x0000000708400000, 0x0000000708600000, 0x0000000708600000|100%| E|CS|TAMS 0x0000000708400000| PB 0x0000000708400000| Complete |  0
|  35|0x0000000708600000, 0x0000000708800000, 0x0000000708800000|100%| S|CS|TAMS 0x0000000708600000| PB 0x0000000708600000| Complete |  0
|  36|0x0000000708800000, 0x0000000708a00000, 0x0000000708a00000|100%| S|CS|TAMS 0x0000000708800000| PB 0x0000000708800000| Complete |  0
|  37|0x0000000708a00000, 0x0000000708c00000, 0x0000000708c00000|100%| S|CS|TAMS 0x0000000708a00000| PB 0x0000000708a00000| Complete |  0
|  38|0x0000000708c00000, 0x0000000708e00000, 0x0000000708e00000|100%| S|CS|TAMS 0x0000000708c00000| PB 0x0000000708c00000| Complete |  0
|  39|0x0000000708e00000, 0x0000000709000000, 0x0000000709000000|100%| S|CS|TAMS 0x0000000708e00000| PB 0x0000000708e00000| Complete |  0
|  40|0x0000000709000000, 0x0000000709044430, 0x0000000709200000| 13%| S|CS|TAMS 0x0000000709000000| PB 0x0000000709000000| Complete |  0
|  83|0x000000070e600000, 0x000000070e800000, 0x000000070e800000|100%| E|CS|TAMS 0x000000070e600000| PB 0x000000070e600000| Complete |  0
|  84|0x000000070e800000, 0x000000070ea00000, 0x000000070ea00000|100%| E|CS|TAMS 0x000000070e800000| PB 0x000000070e800000| Complete |  0
|  85|0x000000070ea00000, 0x000000070ec00000, 0x000000070ec00000|100%| E|  |TAMS 0x000000070ea00000| PB 0x000000070ea00000| Complete |  0
|  86|0x000000070ec00000, 0x000000070ee00000, 0x000000070ee00000|100%| E|CS|TAMS 0x000000070ec00000| PB 0x000000070ec00000| Complete |  0
|  87|0x000000070ee00000, 0x000000070f000000, 0x000000070f000000|100%| E|CS|TAMS 0x000000070ee00000| PB 0x000000070ee00000| Complete |  0
|  88|0x000000070f000000, 0x000000070f200000, 0x000000070f200000|100%| E|CS|TAMS 0x000000070f000000| PB 0x000000070f000000| Complete |  0
|  89|0x000000070f200000, 0x000000070f400000, 0x000000070f400000|100%| E|CS|TAMS 0x000000070f200000| PB 0x000000070f200000| Complete |  0
| 125|0x0000000713a00000, 0x0000000713c00000, 0x0000000713c00000|100%| E|CS|TAMS 0x0000000713a00000| PB 0x0000000713a00000| Complete |  0
|2011|0x00000007ff600000, 0x00000007ff68bd78, 0x00000007ff800000| 27%| O|  |TAMS 0x00000007ff600000| PB 0x00000007ff600000| Untracked |  0
|2012|0x00000007ff800000, 0x00000007ffa00000, 0x00000007ffa00000|100%| O|  |TAMS 0x00000007ff800000| PB 0x00000007ff800000| Untracked |  0
|2013|0x00000007ffa00000, 0x00000007ffc00000, 0x00000007ffc00000|100%| O|  |TAMS 0x00000007ffa00000| PB 0x00000007ffa00000| Untracked |  0
|2014|0x00000007ffc00000, 0x00000007ffe00000, 0x00000007ffe00000|100%| O|  |TAMS 0x00000007ffc00000| PB 0x00000007ffc00000| Untracked |  0
|2015|0x00000007ffe00000, 0x00000007fff256a0, 0x0000000800000000| 57%| O|Cm|TAMS 0x00000007ffe00000| PB 0x00000007ffe00000| Complete |  0

Card table byte_map: [0x0000029f63530000,0x0000029f63d10000] _byte_map_base: 0x0000029f5fd10000

Marking Bits: (CMBitMap*) 0x0000029f5724ad10
 Bits: [0x0000029f63d10000, 0x0000029f67c10000)

Polling page: 0x0000029f54fd0000

Metaspace:
Metaspace        used 31342K, committed 31616K, reserved 1114112K
 class space     used 3522K, committed 3648K, reserved 1048576K

Usage:
  Non-class:     27.17 MB used.
      Class:      3.44 MB used.
       Both:     30.61 MB used.

Virtual space:
  Non-class space:       64.00 MB reserved,      27.31 MB ( 43%) committed,  1 nodes.
      Class space:        1.00 GB reserved,       3.56 MB ( <1%) committed,  1 nodes.
             Both:        1.06 GB reserved,      30.88 MB (  3%) committed. 

Chunk freelists:
   Non-Class:  4.48 MB
       Class:  12.47 MB
        Both:  16.95 MB

MaxMetaspaceSize: unlimited
CompressedClassSpaceSize: 1.00 GB
Initial GC threshold: 21.00 MB
Current GC threshold: 35.12 MB
CDS: on
 - commit_granule_bytes: 65536.
 - commit_granule_words: 8192.
 - virtual_space_node_default_size: 8388608.
 - enlarge_chunks_in_place: 1.
UseCompressedClassPointers 1, UseCompactObjectHeaders 0
Narrow klass pointer bits 32, Max shift 3
Narrow klass base: 0x0000000012000000, Narrow klass shift: 0
Encoding Range: [0x0000000012000000 - 0x0000000112000000), (4294967296 bytes)
Klass Range:    [0x0000000012010000 - 0x0000000053000000), (1090453504 bytes)
Klass ID Range:  [65536 - 1090519033) (1090453497)
Protection zone: [0x0000000012000000 - 0x0000000012010000), (65536 bytes)


Internal statistics:

num_allocs_failed_limit: 3.
num_arena_births: 268.
num_arena_deaths: 0.
num_vsnodes_births: 2.
num_vsnodes_deaths: 0.
num_space_committed: 494.
num_space_uncommitted: 0.
num_chunks_returned_to_freelist: 3.
num_chunks_taken_from_freelist: 1334.
num_chunk_merges: 0.
num_chunk_splits: 987.
num_chunks_enlarged: 837.
num_inconsistent_stats: 0.

CodeCache: size=49152Kb used=7977Kb max_used=7977Kb free=41174Kb
 bounds [0x0000029f5fa20000, 0x0000029f601f0000, 0x0000029f62a20000]
 total_blobs=4882, nmethods=4328, adapters=475, full_count=0
Compilation: enabled, stopped_count=0, restarted_count=0

Compilation events (20 events):
Event: 6.966 Thread 0x0000029f571e95d0 nmethod 4320 0x0000029f601e6d88 code [0x0000029f601e6e80, 0x0000029f601e6f80]
Event: 6.966 Thread 0x0000029f571e9de0 nmethod 4317 0x0000029f601e7088 code [0x0000029f601e7180, 0x0000029f601e7498]
Event: 6.966 Thread 0x0000029f571e9de0 4321       1       org.springframework.core.BridgeMethodResolver::findBridgedMethod (9 bytes)
Event: 6.966 Thread 0x0000029f571eee80 nmethod 4318 0x0000029f601e7508 code [0x0000029f601e7600, 0x0000029f601e7918]
Event: 6.966 Thread 0x0000029f571e9de0 nmethod 4321 0x0000029f601e7988 code [0x0000029f601e7a80, 0x0000029f601e7b48]
Event: 6.966 Thread 0x0000029f571ea5f0 nmethod 4316 0x0000029f601e7c88 code [0x0000029f601e7d80, 0x0000029f601e8918]
Event: 6.970 Thread 0x0000029f571e9de0 4322       1       java.lang.invoke.InvokerBytecodeGenerator::isStaticallyNameable (150 bytes)
Event: 6.970 Thread 0x0000029f571e9de0 nmethod 4322 0x0000029f601e8988 code [0x0000029f601e8a80, 0x0000029f601e8e38]
Event: 6.971 Thread 0x0000029f571e95d0 4323       1       org.springframework.beans.factory.config.SmartInstantiationAwareBeanPostProcessor::predictBeanType (2 bytes)
Event: 6.971 Thread 0x0000029f571e95d0 nmethod 4323 0x0000029f601e8e88 code [0x0000029f601e8f80, 0x0000029f601e9050]
Event: 6.980 Thread 0x0000029f571ea5f0 4324       1       java.util.AbstractList$Itr::hasNext (20 bytes)
Event: 6.981 Thread 0x0000029f571e9de0 4325       1       org.springframework.core.convert.support.GenericConversionService$Converters::getRegisteredConverter (93 bytes)
Event: 6.981 Thread 0x0000029f571e95d0 4326       1       java.util.concurrent.CopyOnWriteArraySet::iterator (8 bytes)
Event: 6.981 Thread 0x0000029f571ea5f0 nmethod 4324 0x0000029f601e9188 code [0x0000029f601e9280, 0x0000029f601e9390]
Event: 6.981 Thread 0x0000029f571e95d0 nmethod 4326 0x0000029f601e9488 code [0x0000029f601e9580, 0x0000029f601e9700]
Event: 6.981 Thread 0x0000029f571e9de0 nmethod 4325 0x0000029f601e9788 code [0x0000029f601e9880, 0x0000029f601e9c10]
Event: 7.004 Thread 0x0000029f571e9de0 4327       1       org.springframework.core.BridgeMethodResolver::isVisibilityBridgeMethodPair (68 bytes)
Event: 7.004 Thread 0x0000029f571ea5f0 4328       1       java.lang.reflect.Field::getDeclaredAnnotations (8 bytes)
Event: 7.004 Thread 0x0000029f571ea5f0 nmethod 4328 0x0000029f601e9c88 code [0x0000029f601e9d80, 0x0000029f601e9f20]
Event: 7.005 Thread 0x0000029f571e9de0 nmethod 4327 0x0000029f601e9f88 code [0x0000029f601ea080, 0x0000029f601ea440]

GC Heap Usage History (6 events):
Event: 1.803 {heap Before GC invocations=0 (full 0):
 garbage-first heap   total reserved 4128768K, committed 260096K, used 48277K [0x0000000704000000, 0x0000000800000000)
  region size 2048K, 24 young (49152K), 0 survivors (0K)
}
Event: 1.815 {heap After GC invocations=1 (full 0):
 garbage-first heap   total reserved 4128768K, committed 260096K, used 17557K [0x0000000704000000, 0x0000000800000000)
  region size 2048K, 3 young (6144K), 3 survivors (6144K)
}
Event: 3.599 {heap Before GC invocations=1 (full 0):
 garbage-first heap   total reserved 4128768K, committed 260096K, used 83093K [0x0000000704000000, 0x0000000800000000)
  region size 2048K, 36 young (73728K), 3 survivors (6144K)
}
Event: 3.611 {heap After GC invocations=2 (full 0):
 garbage-first heap   total reserved 4128768K, committed 260096K, used 23878K [0x0000000704000000, 0x0000000800000000)
  region size 2048K, 7 young (14336K), 7 survivors (14336K)
}
Event: 5.778 {heap Before GC invocations=3 (full 0):
 garbage-first heap   total reserved 4128768K, committed 90112K, used 87366K [0x0000000704000000, 0x0000000800000000)
  region size 2048K, 38 young (77824K), 7 survivors (14336K)
}
Event: 5.797 {heap After GC invocations=4 (full 0):
 garbage-first heap   total reserved 4128768K, committed 110592K, used 28630K [0x0000000704000000, 0x0000000800000000)
  region size 2048K, 6 young (12288K), 6 survivors (12288K)
}

Metaspace Usage History (6 events):
Event: 1.803 {metaspace Before GC invocations=0 (full 0):
 Metaspace       used 6524K, committed 6784K, reserved 1114112K
  class space    used 649K, committed 768K, reserved 1048576K
}
Event: 1.815 {metaspace After GC invocations=1 (full 0):
 Metaspace       used 6524K, committed 6784K, reserved 1114112K
  class space    used 649K, committed 768K, reserved 1048576K
}
Event: 3.599 {metaspace Before GC invocations=1 (full 0):
 Metaspace       used 21263K, committed 21504K, reserved 1114112K
  class space    used 2238K, committed 2368K, reserved 1048576K
}
Event: 3.611 {metaspace After GC invocations=2 (full 0):
 Metaspace       used 21263K, committed 21504K, reserved 1114112K
  class space    used 2238K, committed 2368K, reserved 1048576K
}
Event: 5.778 {metaspace Before GC invocations=3 (full 0):
 Metaspace       used 26834K, committed 27072K, reserved 1114112K
  class space    used 2853K, committed 2944K, reserved 1048576K
}
Event: 5.797 {metaspace After GC invocations=4 (full 0):
 Metaspace       used 26834K, committed 27072K, reserved 1114112K
  class space    used 2853K, committed 2944K, reserved 1048576K
}

Dll operation events (6 events):
Event: 0.018 Loaded shared library C:\Program Files\Java\jdk-25\bin\java.dll
Event: 0.368 Loaded shared library C:\Program Files\Java\jdk-25\bin\net.dll
Event: 0.373 Loaded shared library C:\Program Files\Java\jdk-25\bin\nio.dll
Event: 0.383 Loaded shared library C:\Program Files\Java\jdk-25\bin\zip.dll
Event: 0.764 Loaded shared library C:\Program Files\Java\jdk-25\bin\jimage.dll
Event: 3.686 Loaded shared library C:\Program Files\Java\jdk-25\bin\sunmscapi.dll

Deoptimization events (2 events):
Event: 6.659 Thread 0x0000029f54cca610 DEOPT PACKING pc=0x0000029f5fe5b1b4 sp=0x000000e0d39fca80
Event: 6.659 Thread 0x0000029f54cca610 DEOPT UNPACKING pc=0x0000029f5fa712a2 sp=0x000000e0d39fbf78 mode 0

Classes loaded (20 events):
Event: 6.532 Loading class java/net/SocketException
Event: 6.533 Loading class java/net/SocketException done
Event: 6.611 Loading class java/lang/reflect/InaccessibleObjectException
Event: 6.611 Loading class java/lang/reflect/InaccessibleObjectException done
Event: 6.685 Loading class java/util/DualPivotQuicksort
Event: 6.686 Loading class java/util/DualPivotQuicksort done
Event: 6.686 Loading class java/util/DualPivotQuicksort$SortOperation
Event: 6.686 Loading class java/util/DualPivotQuicksort$SortOperation done
Event: 6.769 Loading class sun/security/provider/MD5
Event: 6.769 Loading class sun/security/provider/MD5 done
Event: 6.769 Loading class sun/security/provider/ByteArrayAccess$LE
Event: 6.769 Loading class sun/security/provider/ByteArrayAccess$LE done
Event: 6.772 Loading class jdk/internal/util/ByteArrayLittleEndian
Event: 6.773 Loading class jdk/internal/util/ByteArrayLittleEndian done
Event: 6.918 Loading class java/security/cert/CertificateException
Event: 6.918 Loading class java/security/cert/CertificateException done
Event: 6.938 Loading class javax/naming/NameNotFoundException
Event: 6.938 Loading class javax/naming/NameNotFoundException done
Event: 6.981 Loading class java/lang/Class$EnclosingMethodInfo
Event: 6.981 Loading class java/lang/Class$EnclosingMethodInfo done

Classes unloaded (0 events):
No events

Classes redefined (0 events):
No events

Internal exceptions (20 events):
Event: 3.558 Thread 0x0000029f6fdb01f0 Exception <a 'java/lang/NoSuchMethodError'{0x000000070f413098}: 'long java.lang.invoke.DirectMethodHandle$Holder.invokeInterface(java.lang.Object, java.lang.Object)'> (0x000000070f413098) 
thrown [s\open\src\hotspot\share\interpreter\linkResolver.cpp, line 804]
Event: 3.559 Thread 0x0000029f6fdb01f0 Exception <a 'java/lang/IncompatibleClassChangeError'{0x000000070f41ad50}: Found class java.lang.Object, but interface was expected> (0x000000070f41ad50) 
thrown [s\open\src\hotspot\share\interpreter\linkResolver.cpp, line 871]
Event: 3.564 Thread 0x0000029f6fdb01f0 Exception <a 'java/lang/NoSuchMethodError'{0x000000070f437418}: 'java.lang.Object java.lang.invoke.DirectMethodHandle$Holder.invokeVirtual(java.lang.Object, java.lang.Object, java.lang.Object, java.lang.Object)'> (0x000000070f437418) 
thrown [s\open\src\hotspot\share\interpreter\linkResolver.cpp, line 804]
Event: 3.627 Thread 0x0000029f6fdb01f0 Exception <a 'java/lang/NoSuchMethodError'{0x0000000713a7dcd8}: 'java.lang.Object java.lang.invoke.DirectMethodHandle$Holder.newInvokeSpecial(java.lang.Object, java.lang.Object, java.lang.Object, int)'> (0x0000000713a7dcd8) 
thrown [s\open\src\hotspot\share\interpreter\linkResolver.cpp, line 804]
Event: 3.628 Thread 0x0000029f6fdb01f0 Exception <a 'java/lang/NoSuchMethodError'{0x0000000713a867f0}: 'java.lang.Object java.lang.invoke.Invokers$Holder.linkToTargetMethod(java.lang.Object, java.lang.Object, int, java.lang.Object)'> (0x0000000713a867f0) 
thrown [s\open\src\hotspot\share\interpreter\linkResolver.cpp, line 804]
Event: 3.659 Thread 0x0000029f54cca610 Exception <a 'java/lang/IncompatibleClassChangeError'{0x0000000713b82fd0}: Found class java.lang.Object, but interface was expected> (0x0000000713b82fd0) 
thrown [s\open\src\hotspot\share\interpreter\linkResolver.cpp, line 871]
Event: 6.043 Thread 0x0000029f54cca610 Exception <a 'java/lang/NoSuchMethodError'{0x000000070f170570}: 'int java.lang.invoke.DirectMethodHandle$Holder.invokeStatic(java.lang.Object)'> (0x000000070f170570) 
thrown [s\open\src\hotspot\share\interpreter\linkResolver.cpp, line 804]
Event: 6.044 Thread 0x0000029f54cca610 Exception <a 'java/lang/NoSuchMethodError'{0x000000070f1787c0}: 'int java.lang.invoke.DirectMethodHandle$Holder.invokeStaticInit(java.lang.Object)'> (0x000000070f1787c0) 
thrown [s\open\src\hotspot\share\interpreter\linkResolver.cpp, line 804]
Event: 6.045 Thread 0x0000029f54cca610 Exception <a 'java/lang/NoSuchMethodError'{0x000000070f1877a0}: 'int java.lang.invoke.DirectMethodHandle$Holder.invokeVirtual(java.lang.Object, java.lang.Object, java.lang.Object)'> (0x000000070f1877a0) 
thrown [s\open\src\hotspot\share\interpreter\linkResolver.cpp, line 804]
Event: 6.123 Thread 0x0000029f54cca610 Exception <a 'java/lang/NoSuchMethodError'{0x000000070ef96ae0}: 'java.lang.Object java.lang.invoke.DirectMethodHandle$Holder.invokeSpecialIFC(java.lang.Object, java.lang.Object, java.lang.Object)'> (0x000000070ef96ae0) 
thrown [s\open\src\hotspot\share\interpreter\linkResolver.cpp, line 804]
Event: 6.548 Thread 0x0000029f54cca610 Exception <a 'java/lang/NoSuchMethodError'{0x000000070809d738}: 'java.lang.Object java.lang.invoke.DirectMethodHandle$Holder.newInvokeSpecial(java.lang.Object, java.lang.Object, java.lang.Object, java.lang.Object, java.lang.Object, java.lang.Object)'> (0x000000070809d738) 
thrown [s\open\src\hotspot\share\interpreter\linkResolver.cpp, line 804]
Event: 6.719 Thread 0x0000029f54cca610 Exception <a 'java/lang/NoSuchMethodError'{0x0000000707cb9180}: 'void java.lang.invoke.Invokers$Holder.invokeExact_MT(java.lang.Object, java.lang.Object, java.lang.Object)'> (0x0000000707cb9180) 
thrown [s\open\src\hotspot\share\interpreter\linkResolver.cpp, line 804]
Event: 6.799 Thread 0x0000029f54cca610 Exception <a 'java/lang/NoClassDefFoundError'{0x0000000707bf1f70}: org/flywaydb/core/Flyway> (0x0000000707bf1f70) 
thrown [s\open\src\hotspot\share\classfile\systemDictionary.cpp, line 316]
Event: 6.799 Thread 0x0000029f54cca610 Exception <a 'java/lang/NoClassDefFoundError'{0x0000000707bf2c10}: liquibase/integration/spring/SpringLiquibase> (0x0000000707bf2c10) 
thrown [s\open\src\hotspot\share\classfile\systemDictionary.cpp, line 316]
Event: 6.819 Thread 0x0000029f54cca610 Exception <a 'java/lang/NoClassDefFoundError'{0x0000000707862230}: org/jooq/DSLContext> (0x0000000707862230) 
thrown [s\open\src\hotspot\share\classfile\systemDictionary.cpp, line 316]
Event: 6.912 Thread 0x0000029f54cca610 Exception <a 'java/lang/NoClassDefFoundError'{0x000000070752bd50}: org/springframework/batch/core/repository/JobRepository> (0x000000070752bd50) 
thrown [s\open\src\hotspot\share\classfile\systemDictionary.cpp, line 316]
Event: 6.912 Thread 0x0000029f54cca610 Exception <a 'java/lang/NoClassDefFoundError'{0x000000070752c920}: org/quartz/Scheduler> (0x000000070752c920) 
thrown [s\open\src\hotspot\share\classfile\systemDictionary.cpp, line 316]
Event: 6.913 Thread 0x0000029f54cca610 Exception <a 'java/lang/NoClassDefFoundError'{0x000000070752d690}: org/springframework/session/jdbc/JdbcIndexedSessionRepository> (0x000000070752d690) 
thrown [s\open\src\hotspot\share\classfile\systemDictionary.cpp, line 316]
Event: 6.970 Thread 0x0000029f54cca610 Exception <a 'java/lang/NoSuchMethodError'{0x0000000707319140}: 'java.lang.Object java.lang.invoke.Invokers$Holder.invokeExact_MT(java.lang.Object, java.lang.Object, java.lang.Object, java.lang.Object, java.lang.Object, java.lang.Object)'> (0x0000000707319140) 
thrown [s\open\src\hotspot\share\interpreter\linkResolver.cpp, line 804]
Event: 7.001 Thread 0x0000029f54cca610 Exception <a 'java/lang/IncompatibleClassChangeError'{0x0000000707012260}: Found class java.lang.Object, but interface was expected> (0x0000000707012260) 
thrown [s\open\src\hotspot\share\interpreter\linkResolver.cpp, line 871]

VM Operations (20 events):
Event: 5.851 Executing non-safepoint VM operation: HandshakeAllThreads (Deoptimize)
Event: 5.851 Executing non-safepoint VM operation: HandshakeAllThreads (Deoptimize) done
Event: 5.864 Executing non-safepoint VM operation: HandshakeAllThreads (Deoptimize)
Event: 5.864 Executing non-safepoint VM operation: HandshakeAllThreads (Deoptimize) done
Event: 5.866 Executing non-safepoint VM operation: HandshakeAllThreads (Deoptimize)
Event: 5.866 Executing non-safepoint VM operation: HandshakeAllThreads (Deoptimize) done
Event: 6.045 Executing non-safepoint VM operation: HandshakeAllThreads (Deoptimize)
Event: 6.045 Executing non-safepoint VM operation: HandshakeAllThreads (Deoptimize) done
Event: 6.138 Executing non-safepoint VM operation: HandshakeAllThreads (Deoptimize)
Event: 6.138 Executing non-safepoint VM operation: HandshakeAllThreads (Deoptimize) done
Event: 6.630 Executing non-safepoint VM operation: HandshakeAllThreads (Deoptimize)
Event: 6.630 Executing non-safepoint VM operation: HandshakeAllThreads (Deoptimize) done
Event: 6.637 Executing non-safepoint VM operation: HandshakeAllThreads (Deoptimize)
Event: 6.637 Executing non-safepoint VM operation: HandshakeAllThreads (Deoptimize) done
Event: 6.659 Executing non-safepoint VM operation: HandshakeAllThreads (Deoptimize)
Event: 6.659 Executing non-safepoint VM operation: HandshakeAllThreads (Deoptimize) done
Event: 6.964 Executing non-safepoint VM operation: HandshakeAllThreads (Deoptimize)
Event: 6.964 Executing non-safepoint VM operation: HandshakeAllThreads (Deoptimize) done
Event: 6.995 Executing non-safepoint VM operation: HandshakeAllThreads (Deoptimize)
Event: 6.995 Executing non-safepoint VM operation: HandshakeAllThreads (Deoptimize) done

Memory protections (0 events):
No events

Nmethod flushes (0 events):
No events

Events (19 events):
Event: 0.048 Thread 0x0000029f54cca610 Thread added: 0x0000029f54cca610
Event: 0.078 Thread 0x0000029f54cca610 Thread added: 0x0000029f67e5eba0
Event: 0.078 Thread 0x0000029f54cca610 Thread added: 0x0000029f67e5f4b0
Event: 0.078 Thread 0x0000029f54cca610 Thread added: 0x0000029f67e646b0
Event: 0.079 Thread 0x0000029f54cca610 Thread added: 0x0000029f67e66500
Event: 0.079 Thread 0x0000029f54cca610 Thread added: 0x0000029f67e67d90
Event: 0.079 Thread 0x0000029f54cca610 Thread added: 0x0000029f67e6a4d0
Event: 0.079 Thread 0x0000029f54cca610 Thread added: 0x0000029f571e95d0
Event: 0.271 Thread 0x0000029f571e95d0 Thread added: 0x0000029f571ea5f0
Event: 0.353 Thread 0x0000029f54cca610 Thread added: 0x0000029f6aa4dc50
Event: 0.360 Thread 0x0000029f54cca610 Thread added: 0x0000029f6aa58840
Event: 0.378 Thread 0x0000029f571e95d0 Thread added: 0x0000029f571e9de0
Event: 0.644 Thread 0x0000029f571ea5f0 Thread added: 0x0000029f571eee80
Event: 2.300 Thread 0x0000029f54cca610 Thread added: 0x0000029f6fd65ef0
Event: 2.323 Thread 0x0000029f6fd65ef0 Thread exited: 0x0000029f6fd65ef0
Event: 2.491 Thread 0x0000029f54cca610 Thread added: 0x0000029f6fdb01f0
Event: 3.446 Thread 0x0000029f54cca610 Thread added: 0x0000029f701dd5e0
Event: 3.641 Thread 0x0000029f701dd5e0 Thread exited: 0x0000029f701dd5e0
Event: 3.712 Thread 0x0000029f6fdb01f0 Thread exited: 0x0000029f6fdb01f0


Dynamic libraries:
0x00007ff718b30000 - 0x00007ff718b40000 	C:\Program Files\Java\jdk-25\bin\java.exe
0x00007ffa12460000 - 0x00007ffa126c7000 	C:\WINDOWS\SYSTEM32\ntdll.dll
0x00007ffa11190000 - 0x00007ffa11259000 	C:\WINDOWS\System32\KERNEL32.DLL
0x00007ffa0f290000 - 0x00007ffa0f684000 	C:\WINDOWS\System32\KERNELBASE.dll
0x00007ffa10070000 - 0x00007ffa101bb000 	C:\WINDOWS\System32\ucrtbase.dll
0x00007ff9c9950000 - 0x00007ff9c996e000 	C:\Program Files\Java\jdk-25\bin\VCRUNTIME140.dll
0x00007ff9c91e0000 - 0x00007ff9c91f7000 	C:\Program Files\Java\jdk-25\bin\jli.dll
0x00007ffa11f00000 - 0x00007ffa120c5000 	C:\WINDOWS\System32\USER32.dll
0x00007ffa101c0000 - 0x00007ffa101e7000 	C:\WINDOWS\System32\win32u.dll
0x00007ffa10360000 - 0x00007ffa1038b000 	C:\WINDOWS\System32\GDI32.dll
0x00007ff9f4240000 - 0x00007ff9f44d3000 	C:\WINDOWS\WinSxS\amd64_microsoft.windows.common-controls_6595b64144ccf1df_6.0.26100.8115_none_3e075c82e3354f9c\COMCTL32.dll
0x00007ffa0eff0000 - 0x00007ffa0f11b000 	C:\WINDOWS\System32\gdi32full.dll
0x00007ffa10460000 - 0x00007ffa10509000 	C:\WINDOWS\System32\msvcrt.dll
0x00007ffa0ed30000 - 0x00007ffa0edd3000 	C:\WINDOWS\System32\msvcp_win.dll
0x00007ffa103c0000 - 0x00007ffa103f2000 	C:\WINDOWS\System32\IMM32.DLL
0x00007ff9fe810000 - 0x00007ff9fe81c000 	C:\Program Files\Java\jdk-25\bin\vcruntime140_1.dll
0x00007ff9ae870000 - 0x00007ff9ae8fd000 	C:\Program Files\Java\jdk-25\bin\msvcp140.dll
0x00007ff988d20000 - 0x00007ff989b7f000 	C:\Program Files\Java\jdk-25\bin\server\jvm.dll
0x00007ffa10ea0000 - 0x00007ffa10f56000 	C:\WINDOWS\System32\ADVAPI32.dll
0x00007ffa11530000 - 0x00007ffa115d7000 	C:\WINDOWS\System32\sechost.dll
0x00007ffa11410000 - 0x00007ffa11528000 	C:\WINDOWS\System32\RPCRT4.dll
0x00007ffa10d00000 - 0x00007ffa10d80000 	C:\WINDOWS\System32\WS2_32.dll
0x00007ffa0d910000 - 0x00007ffa0d96e000 	C:\WINDOWS\SYSTEM32\POWRPROF.dll
0x00007ffa05400000 - 0x00007ffa0540b000 	C:\WINDOWS\SYSTEM32\VERSION.dll
0x00007ffa00400000 - 0x00007ffa00436000 	C:\WINDOWS\SYSTEM32\WINMM.dll
0x00007ffa0d8f0000 - 0x00007ffa0d904000 	C:\WINDOWS\SYSTEM32\UMPDC.dll
0x00007ffa0dbe0000 - 0x00007ffa0dbfb000 	C:\WINDOWS\SYSTEM32\kernel.appcore.dll
0x00007ff9e5220000 - 0x00007ff9e522a000 	C:\Program Files\Java\jdk-25\bin\jimage.dll
0x00007ffa0cc90000 - 0x00007ffa0ced2000 	C:\WINDOWS\SYSTEM32\DBGHELP.DLL
0x00007ffa115e0000 - 0x00007ffa11962000 	C:\WINDOWS\System32\combase.dll
0x00007ffa10d90000 - 0x00007ffa10e68000 	C:\WINDOWS\System32\OLEAUT32.dll
0x00007ff9ec0a0000 - 0x00007ff9ec0db000 	C:\WINDOWS\SYSTEM32\dbgcore.DLL
0x00007ffa0ffc0000 - 0x00007ffa10065000 	C:\WINDOWS\System32\bcryptPrimitives.dll
0x00007ff9c95f0000 - 0x00007ff9c960f000 	C:\Program Files\Java\jdk-25\bin\java.dll
0x00007ffa11260000 - 0x00007ffa113f7000 	C:\WINDOWS\System32\ole32.dll
0x00007ffa10590000 - 0x00007ffa10cf7000 	C:\WINDOWS\System32\SHELL32.dll
0x00007ffa0f120000 - 0x00007ffa0f28a000 	C:\WINDOWS\System32\wintypes.dll
0x00007ffa0f690000 - 0x00007ffa0fef8000 	C:\WINDOWS\System32\windows.storage.dll
0x00007ffa11e00000 - 0x00007ffa11ef8000 	C:\WINDOWS\System32\SHCORE.dll
0x00007ffa120d0000 - 0x00007ffa12136000 	C:\WINDOWS\System32\shlwapi.dll
0x00007ffa0ec50000 - 0x00007ffa0ec79000 	C:\WINDOWS\SYSTEM32\profapi.dll
0x00007ff9c90f0000 - 0x00007ff9c9102000 	C:\Program Files\Java\jdk-25\bin\net.dll
0x00007ffa0e150000 - 0x00007ffa0e1bc000 	C:\WINDOWS\system32\mswsock.dll
0x00007ff9c87b0000 - 0x00007ff9c87c6000 	C:\Program Files\Java\jdk-25\bin\nio.dll
0x00007ff9c77b0000 - 0x00007ff9c77c7000 	C:\Program Files\Java\jdk-25\bin\zip.dll
0x00007ffa0d4c0000 - 0x00007ffa0d4f2000 	C:\WINDOWS\SYSTEM32\IPHLPAPI.DLL
0x00007ffa10e90000 - 0x00007ffa10e9a000 	C:\WINDOWS\System32\NSI.dll
0x00007ffa0d510000 - 0x00007ffa0d642000 	C:\WINDOWS\SYSTEM32\DNSAPI.dll
0x00007ffa05460000 - 0x00007ffa0546b000 	C:\Windows\System32\rasadhlp.dll
0x00007ffa071b0000 - 0x00007ffa07236000 	C:\WINDOWS\System32\fwpuclnt.dll
0x00007ff9c94c0000 - 0x00007ff9c94ce000 	C:\Program Files\Java\jdk-25\bin\sunmscapi.dll
0x00007ffa0ede0000 - 0x00007ffa0ef57000 	C:\WINDOWS\System32\CRYPT32.dll
0x00007ffa0e650000 - 0x00007ffa0e680000 	C:\WINDOWS\SYSTEM32\ncrypt.dll
0x00007ffa0e600000 - 0x00007ffa0e63f000 	C:\WINDOWS\SYSTEM32\NTASN1.dll

JVMTI agents: none

dbghelp: loaded successfully - version: 4.0.5 - missing functions: none
symbol engine: initialized successfully - sym options: 0x614 - pdb path: .;C:\Program Files\Java\jdk-25\bin;C:\WINDOWS\SYSTEM32;C:\WINDOWS\WinSxS\amd64_microsoft.windows.common-controls_6595b64144ccf1df_6.0.26100.8115_none_3e075c82e3354f9c;C:\Program Files\Java\jdk-25\bin\server

VM Arguments:
jvm_args: -XX:TieredStopAtLevel=1 
java_command: com.resumade.export.ExportServiceApplication
java_class_path (initial): C:\Users\abbuz\Desktop\Try\Working\Backend\export-service\target\classes;C:\Users\abbuz\.m2\repository\org\springframework\boot\spring-boot\3.4.4\spring-boot-3.4.4.jar;C:\Users\abbuz\.m2\repository\org\springframework\boot\spring-boot-autoconfigure\3.4.4\spring-boot-autoconfigure-3.4.4.jar;C:\Users\abbuz\.m2\repository\ch\qos\logback\logback-classic\1.5.18\logback-classic-1.5.18.jar;C:\Users\abbuz\.m2\repository\ch\qos\logback\logback-core\1.5.18\logback-core-1.5.18.jar;C:\Users\abbuz\.m2\repository\org\apache\logging\log4j\log4j-to-slf4j\2.24.3\log4j-to-slf4j-2.24.3.jar;C:\Users\abbuz\.m2\repository\org\slf4j\jul-to-slf4j\2.0.17\jul-to-slf4j-2.0.17.jar;C:\Users\abbuz\.m2\repository\jakarta\annotation\jakarta.annotation-api\2.1.1\jakarta.annotation-api-2.1.1.jar;C:\Users\abbuz\.m2\repository\org\yaml\snakeyaml\2.3\snakeyaml-2.3.jar;C:\Users\abbuz\.m2\repository\com\fasterxml\jackson\datatype\jackson-datatype-jdk8\2.18.3\jackson-datatype-jdk8-2.18.3.jar;C:\Users\abbuz\.m2\repository\com\fasterxml\jackson\datatype\jackson-datatype-jsr310\2.18.3\jackson-datatype-jsr310-2.18.3.jar;C:\Users\abbuz\.m2\repository\com\fasterxml\jackson\module\jackson-module-parameter-names\2.18.3\jackson-module-parameter-names-2.18.3.jar;C:\Users\abbuz\.m2\repository\org\apache\tomcat\embed\tomcat-embed-core\10.1.39\tomcat-embed-core-10.1.39.jar;C:\Users\abbuz\.m2\repository\org\apache\tomcat\embed\tomcat-embed-websocket\10.1.39\tomcat-embed-websocket-10.1.39.jar;C:\Users\abbuz\.m2\repository\org\springframework\spring-web\6.2.5\spring-web-6.2.5.jar;C:\Users\abbuz\.m2\repository\org\springframework\spring-beans\6.2.5\spring-beans-6.2.5.jar;C:\Users\abbuz\.m2\repository\org\springframework\spring-webmvc\6.2.5\spring-webmvc-6.2.5.jar;C:\Users\abbuz\.m2\repository\org\springframework\spring-context\6.2.5\spring-context-6.2.5.jar;C:\Users\abbuz\.m2\repository\org\springframework\spring-expression\6.2.5\spring-expression-6.2.5.jar;C:\Users\abbuz\.m2\repository\org\springframework\spring-aop\6.2.5\spring-aop-6.2.5.jar;C:\Users\abbuz\.m2\repository\org\springframework\security\spring-security-config\6.4.4\spring-security-config-6.4.4.jar;C:\Users\abbuz\.m2\repository\org\springframework\security\spring-security-web\6.4.4\spring-security-web-6.4.4.jar;C:\Users\abbuz\.m2\repository\com\zaxxer\HikariCP\5.1.0\HikariCP-5.1.0.jar;C:\Users\abbuz\.m2\repository\org\springframework\spring-jdbc\6.2.5\spring-jdbc-6.2.5.jar;C:\Users\abbuz\.m2\repository\org\hibernate\orm\hibernate-core\6.6.11.Final\hibernate-core-6.6.11.Final.jar;C:\Users\abbuz\.m2\repository\jakarta\persistence\jakarta.persistence-api\3.1.0\jakarta.persistence-api-3.1.0.jar;C:\Users\abbuz\.m2\repository\jakarta\transaction\jakarta.transaction-api\2.0.1\jakarta.transaction-api-2.0.1.jar;C:\Users\abbuz\.m2\repository\org\jboss\logging\jboss-logging\3.6.1.Final\jboss-logging-3.6.1.Final.jar;C:\Users\abbuz\.m2\repository\org\hibernate\common\hibernate-commons-annotations\7.0.3.Final\hibernate-commons-annotations-7.0.3.Final.jar;C:\Users\abbuz\.m2\repository\io\smallrye\jandex\3.2.0\jandex-3.2.0.jar;C:\Users\abbuz\.m2\repository\com\fasterxml\classmate\1.7.0\classmate-1.7.0.jar;C:\Users\abbuz\.m2\repository\net\bytebuddy\byte-buddy\1.15.11\byte-buddy-1.15.11.jar;C:\Users\abbuz\.m2\repository\org\glassfish\jaxb\jaxb-runtime\4.0.5\jaxb-runtime-4.0.5.jar;C:\Users\abbuz\.m2\repository\org\glassfish\jaxb\jaxb-core\4.0.5\jaxb-core-4.0.5.jar;C:\Users\abbuz\.m2\repository\org\eclipse\angus\angus-activation\2.0.2\angus-activation-2.0.2.jar;C:\Users\abbuz\.m2\repository\org\glassfish\jaxb\txw2\4.0.5\txw2-4.0.5.jar;C:\Users\abbuz\.m2\repository\com\sun\istack\istack-commons-runtime\4.1.2\istack-commons-runtime-4.1.2.jar;C:\Users\abbuz\.m2\repository\jakarta\inject\jakarta.inject-api\2.0.1\jakarta.inject-api-2.0.1.jar;C:\Users\abbuz\.m2\repository\org\antlr\antlr4-runtime\4.13.0\antlr4-runtime-4.13.0.jar;C:\Users\abbuz\.m2\repository\org\springframework\data\spring-data-jpa\3.4.4\spring-data-jpa-3.4.4.jar;C:\Users\abbuz\.m2\repository\org\springframework\data\spring-data-commons\3.4.4\spring-data-commons-3.4.4.jar;C:\Users\abbuz\.m2\repository\org\springframework\spring-orm\6.2.5\spring-orm-6.2.5.jar;C:\Users\abbuz\.m2\repository\org\springframework\spring-tx\6.2.5\spring-tx-6.2.5.jar;C:\Users\abbuz\.m2\repository\org\slf4j\slf4j-api\2.0.17\slf4j-api-2.0.17.jar;C:\Users\abbuz\.m2\repository\org\springframework\spring-aspects\6.2.5\spring-aspects-6.2.5.jar;C:\Users\abbuz\.m2\repository\org\aspectj\aspectjweaver\1.9.23\aspectjweaver-1.9.23.jar;C:\Users\abbuz\.m2\repository\org\apache\tomcat\embed\tomcat-embed-el\10.1.39\tomcat-embed-el-10.1.39.jar;C:\Users\abbuz\.m2\repository\org\hibernate\validator\hibernate-validator\8.0.2.Final\hibernate-validator-8.0.2.Final.jar;C:\Users\abbuz\.m2\repository\jakarta\validation\jakarta.validation-api\3.0.2\jakarta.validation-api-3.0.2.jar;C:\Users\abbuz\.m2\repository\org\springframework\boot\spring-boot-actuator-autoconfigure\3.4.4\spring-boot-actuator-autoconfigure-3.4.4.jar;C:\Users\abbuz\.m2\repository\org\springframework\boot\spring-boot-actuator\3.4.4\spring-boot-actuator-3.4.4.jar;C:\Users\abbuz\.m2\repository\io\micrometer\micrometer-observation\1.14.5\micrometer-observation-1.14.5.jar;C:\Users\abbuz\.m2\repository\io\micrometer\micrometer-commons\1.14.5\micrometer-commons-1.14.5.jar;C:\Users\abbuz\.m2\repository\io\micrometer\micrometer-jakarta9\1.14.5\micrometer-jakarta9-1.14.5.jar;C:\Users\abbuz\.m2\repository\io\micrometer\micrometer-core\1.14.5\micrometer-core-1.14.5.jar;C:\Users\abbuz\.m2\repository\org\hdrhistogram\HdrHistogram\2.2.2\HdrHistogram-2.2.2.jar;C:\Users\abbuz\.m2\repository\org\latencyutils\LatencyUtils\2.0.3\LatencyUtils-2.0.3.jar;C:\Users\abbuz\.m2\repository\org\springframework\spring-messaging\6.2.5\spring-messaging-6.2.5.jar;C:\Users\abbuz\.m2\repository\org\springframework\amqp\spring-rabbit\3.2.4\spring-rabbit-3.2.4.jar;C:\Users\abbuz\.m2\repository\org\springframework\amqp\spring-amqp\3.2.4\spring-amqp-3.2.4.jar;C:\Users\abbuz\.m2\repository\org\springframework\retry\spring-retry\2.0.11\spring-retry-2.0.11.jar;C:\Users\abbuz\.m2\repository\com\rabbitmq\amqp-client\5.22.0\amqp-client-5.22.0.jar;C:\Users\abbuz\.m2\repository\org\thymeleaf\thymeleaf-spring6\3.1.3.RELEASE\thymeleaf-spring6-3.1.3.RELEASE.jar;C:\Users\abbuz\.m2\repository\org\thymeleaf\thymeleaf\3.1.3.RELEASE\thymeleaf-3.1.3.RELEASE.jar;C:\Users\abbuz\.m2\repository\org\attoparser\attoparser\2.0.7.RELEASE\attoparser-2.0.7.RELEASE.jar;C:\Users\abbuz\.m2\repository\org\unbescape\unbescape\1.1.6.RELEASE\unbescape-1.1.6.RELEASE.jar;C:\Users\abbuz\.m2\repository\org\springframework\cloud\spring-cloud-starter-netflix-eureka-client\4.2.1\spring-cloud-starter-netflix-eureka-client-4.2.1.jar;C:\Users\abbuz\.m2\repository\org\springframework\cloud\spring-cloud-starter\4.2.1\spring-cloud-starter-4.2.1.jar;C:\Users\abbuz\.m2\repository\org\springframework\cloud\spring-cloud-context\4.2.1\spring-cloud-context-4.2.1.jar;C:\Users\abbuz\.m2\repository\org\springframework\cloud\spring-cloud-commons\4.2.1\spring-cloud-commons-4.2.1.jar;C:\Users\abbuz\.m2\repository\org\bouncycastle\bcprov-jdk18on\1.78.1\bcprov-jdk18on-1.78.1.jar;C:\Users\abbuz\.m2\repository\org\springframework\cloud\spring-cloud-netflix-eureka-client\4.2.1\spring-cloud-netflix-eureka-client-4.2.1.jar;C:\Users\abbuz\.m2\repository\org\apache\httpcomponents\client5\httpclient5\5.4.2\httpclient5-5.4.2.jar;C:\Users\abbuz\.m2\repository\org\apache\httpcomponents\core5\httpcore5\5.3.3\httpcore5-5.3.3.jar;C:\Users\abbuz\.m2\repository\org\apache\httpcomponents\core5\httpcore5-h2\5.3.3\httpcore5-h2-5.3.3.jar;C:\Users\abbuz\.m2\repository\com\netflix\eureka\eureka-client\2.0.4\eureka-client-2.0.4.jar;C:\Users\abbuz\.m2\repository\com\thoughtworks\xstream\xstream\1.4.20\xstream-1.4.20.jar;C:\Users\abbuz\.m2\repository\io\github\x-stream\mxparser\1.2.2\mxparser-1.2.2.jar;C:\Users\abbuz\.m2\repository\xmlpull\xmlpull\1.1.3.1\xmlpull-1.1.3.1.jar;C:\Users\abbuz\.m2\repository\jakarta\ws\rs\jakarta.ws.rs-api\3.1.0\jakarta.ws.rs-api-3.1.0.jar;C:\Users\abbuz\.m2\repository\com\netflix\spectator\spectator-api\1.7.3\spectator-api-1.7.3.jar;C:\Users\abbuz\.m2\repository\org\apache\httpcomponents\httpclient\4.5.3\httpclient-4.5.3.jar;C:\Users\abbuz\.m2\repository\commons-configuration\commons-configuration\1.10\commons-configuration-1.10.jar;C:\Users\abbuz\.m2\repository\commons-lang\commons-lang\2.6\commons-lang-2.6.jar;C:\Users\abbuz\.m2\repository\com\fasterxml\jackson\core\jackson-annotations\2.18.3\jackson-annotations-2.18.3.jar;C:\Users\abbuz\.m2\repository\com\fasterxml\jackson\core\jackson-core\2.18.3\jackson-core-2.18.3.jar;C:\Users\abbuz\.m2\repository\com\netflix\netflix-commons\netflix-eventbus\0.3.0\netflix-eventbus-0.3.0.jar;C:\Users\abbuz\.m2\repository\com\netflix\netflix-commons\netflix-infix\0.3.0\netflix-infix-0.3.0.jar;C:\Users\abbuz\.m2\repository\commons-jxpath\commons-jxpath\1.3\commons-jxpath-1.3.jar;C:\Users\abbuz\.m2\repository\joda-time\joda-time\2.3\joda-time-2.3.jar;C:\Users\abbuz\.m2\repository\org\antlr\antlr-runtime\3.4\antlr-runtime-3.4.jar;C:\Users\abbuz\.m2\repository\org\antlr\stringtemplate\3.2.1\stringtemplate-3.2.1.jar;C:\Users\abbuz\.m2\repository\antlr\antlr\2.7.7\antlr-2.7.7.jar;C:\Users\abbuz\.m2\repository\com\google\guava\guava\14.0.1\guava-14.0.1.jar;C:\Users\abbuz\.m2\repository\com\google\code\gson\gson\2.11.0\gson-2.11.0.jar;C:\Users\abbuz\.m2\repository\com\google\errorprone\error_prone_annotations\2.27.0\error_prone_annotations-2.27.0.jar;C:\Users\abbuz\.m2\repository\com\netflix\servo\servo-core\0.5.3\servo-core-0.5.3.jar;C:\Users\abbuz\.m2\repository\org\apache\commons\commons-math\2.2\commons-math-2.2.jar;C:\Users\abbuz\.m2\repository\javax\annotation\javax.annotation-api\1.2\javax.annotation-api-1.2.jar;C:\Users\abbuz\.m2\repository\org\codehaus\jettison\jettison\1.5.4\jettison-1.5.4.jar;C:\Users\abbuz\.m2\repository\org\springframework\cloud\spring-cloud-starter-loadbalancer\4.2.1\spring-cloud-starter-loadbalancer-4.2.1.jar;C:\Users\abbuz\.m2\repository\org\springframework\cloud\spring-cloud-loadbalancer\4.2.1\spring-cloud-loadbalancer-4.2.1.jar;C:\Users\abbuz\.m2\repository\io\projectreactor\reactor-core\3.7.4\reactor-core-3.7.4.jar;C:\Users\abbuz\.m2\repository\io\projectreactor\addons\reactor-extra\3.5.2\reactor-extra-3.5.2.jar;C:\Users\abbuz\.m2\repository\org\springframework\spring-context-support\6.2.5\spring-context-support-6.2.5.jar;C:\Users\abbuz\.m2\repository\com\stoyanr\evictor\1.0.0\evictor-1.0.0.jar;C:\Users\abbuz\.m2\repository\org\springdoc\springdoc-openapi-starter-webmvc-ui\2.8.6\springdoc-openapi-starter-webmvc-ui-2.8.6.jar;C:\Users\abbuz\.m2\repository\org\springdoc\springdoc-openapi-starter-webmvc-api\2.8.6\springdoc-openapi-starter-webmvc-api-2.8.6.jar;C:\Users\abbuz\.m2\repository\org\springdoc\springdoc-openapi-starter-common\2.8.6\springdoc-openapi-starter-common-2.8.6.jar;C:\Users\abbuz\.m2\repository\io\swagger\core\v3\swagger-core-jakarta\2.2.29\swagger-core-jakarta-2.2.29.jar;C:\Users\abbuz\.m2\repository\org\apache\commons\commons-lang3\3.17.0\commons-lang3-3.17.0.jar;C:\Users\abbuz\.m2\repository\io\swagger\core\v3\swagger-annotations-jakarta\2.2.29\swagger-annotations-jakarta-2.2.29.jar;C:\Users\abbuz\.m2\repository\io\swagger\core\v3\swagger-models-jakarta\2.2.29\swagger-models-jakarta-2.2.29.jar;C:\Users\abbuz\.m2\repository\com\fasterxml\jackson\dataformat\jackson-dataformat-yaml\2.18.3\jackson-dataformat-yaml-2.18.3.jar;C:\Users\abbuz\.m2\repository\org\webjars\swagger-ui\5.20.1\swagger-ui-5.20.1.jar;C:\Users\abbuz\.m2\repository\org\webjars\webjars-locator-lite\1.0.1\webjars-locator-lite-1.0.1.jar;C:\Users\abbuz\.m2\repository\org\jspecify\jspecify\1.0.0\jspecify-1.0.0.jar;C:\Users\abbuz\.m2\repository\io\jsonwebtoken\jjwt-api\0.12.6\jjwt-api-0.12.6.jar;C:\Users\abbuz\.m2\repository\io\jsonwebtoken\jjwt-impl\0.12.6\jjwt-impl-0.12.6.jar;C:\Users\abbuz\.m2\repository\io\jsonwebtoken\jjwt-jackson\0.12.6\jjwt-jackson-0.12.6.jar;C:\Users\abbuz\.m2\repository\com\fasterxml\jackson\core\jackson-databind\2.18.3\jackson-databind-2.18.3.jar;C:\Users\abbuz\.m2\repository\software\amazon\awssdk\s3\2.25.0\s3-2.25.0.jar;C:\Users\abbuz\.m2\repository\software\amazon\awssdk\aws-xml-protocol\2.25.0\aws-xml-protocol-2.25.0.jar;C:\Users\abbuz\.m2\repository\software\amazon\awssdk\aws-query-protocol\2.25.0\aws-query-protocol-2.25.0.jar;C:\Users\abbuz\.m2\repository\software\amazon\awssdk\protocol-core\2.25.0\protocol-core-2.25.0.jar;C:\Users\abbuz\.m2\repository\software\amazon\awssdk\arns\2.25.0\arns-2.25.0.jar;C:\Users\abbuz\.m2\repository\software\amazon\awssdk\profiles\2.25.0\profiles-2.25.0.jar;C:\Users\abbuz\.m2\repository\software\amazon\awssdk\crt-core\2.25.0\crt-core-2.25.0.jar;C:\Users\abbuz\.m2\repository\software\amazon\awssdk\http-auth\2.25.0\http-auth-2.25.0.jar;C:\Users\abbuz\.m2\repository\software\amazon\awssdk\identity-spi\2.25.0\identity-spi-2.25.0.jar;C:\Users\abbuz\.m2\repository\software\amazon\awssdk\http-auth-spi\2.25.0\http-auth-spi-2.25.0.jar;C:\Users\abbuz\.m2\repository\org\reactivestreams\reactive-streams\1.0.4\reactive-streams-1.0.4.jar;C:\Users\abbuz\.m2\repository\software\amazon\awssdk\http-auth-aws\2.25.0\http-auth-aws-2.25.0.jar;C:\Users\abbuz\.m2\repository\software\amazon\awssdk\checksums\2.25.0\checksums-2.25.0.jar;C:\Users\abbuz\.m2\repository\software\amazon\awssdk\checksums-spi\2.25.0\checksums-spi-2.25.0.jar;C:\Users\abbuz\.m2\repository\software\amazon\awssdk\sdk-core\2.25.0\sdk-core-2.25.0.jar;C:\Users\abbuz\.m2\repository\software\amazon\awssdk\auth\2.25.0\auth-2.25.0.jar;C:\Users\abbuz\.m2\repository\software\amazon\eventstream\eventstream\1.0.1\eventstream-1.0.1.jar;C:\Users\abbuz\.m2\repository\software\amazon\awssdk\http-client-spi\2.25.0\http-client-spi-2.25.0.jar;C:\Users\abbuz\.m2\repository\software\amazon\awssdk\regions\2.25.0\regions-2.25.0.jar;C:\Users\abbuz\.m2\repository\software\amazon\awssdk\annotations\2.25.0\annotations-2.25.0.jar;C:\Users\abbuz\.m2\repository\software\amazon\awssdk\utils\2.25.0\utils-2.25.0.jar;C:\Users\abbuz\.m2\repository\software\amazon\awssdk\aws-core\2.25.0\aws-core-2.25.0.jar;C:\Users\abbuz\.m2\repository\software\amazon\awssdk\metrics-spi\2.25.0\metrics-spi-2.25.0.jar;C:\Users\abbuz\.m2\repository\software\amazon\awssdk\json-utils\2.25.0\json-utils-2.25.0.jar;C:\Users\abbuz\.m2\repository\software\amazon\awssdk\third-party-jackson-core\2.25.0\third-party-jackson-core-2.25.0.jar;C:\Users\abbuz\.m2\repository\software\amazon\awssdk\endpoints-spi\2.25.0\endpoints-spi-2.25.0.jar;C:\Users\abbuz\.m2\repository\software\amazon\awssdk\apache-client\2.25.0\apache-client-2.25.0.jar;C:\Users\abbuz\.m2\repository\org\apache\httpcomponents\httpcore\4.4.16\httpcore-4.4.16.jar;C:\Users\abbuz\.m2\repository\commons-codec\commons-codec\1.17.2\commons-codec-1.17.2.jar;C:\Users\abbuz\.m2\repository\software\amazon\awssdk\netty-nio-client\2.25.0\netty-nio-client-2.25.0.jar;C:\Users\abbuz\.m2\repository\io\netty\netty-codec-http\4.1.119.Final\netty-codec-http-4.1.119.Final.jar;C:\Users\abbuz\.m2\repository\io\netty\netty-codec-http2\4.1.119.Final\netty-codec-http2-4.1.119.Final.jar;C:\Users\abbuz\.m2\repository\io\netty\netty-codec\4.1.119.Final\netty-codec-4.1.119.Final.jar;C:\Users\abbuz\.m2\repository\io\netty\netty-transport\4.1.119.Final\netty-transport-4.1.119.Final.jar;C:\Users\abbuz\.m2\repository\io\netty\netty-common\4.1.119.Final\netty-common-4.1.119.Final.jar;C:\Users\abbuz\.m2\repository\io\netty\netty-buffer\4.1.119.Final\netty-buffer-4.1.119.Final.jar;C:\Users\abbuz\.m2\repository\io\netty\netty-handler\4.1.119.Final\netty-handler-4.1.119.Final.jar;C:\Users\abbuz\.m2\repository\io\netty\netty-transport-native-unix-common\4.1.119.Final\netty-transport-native-unix-common-4.1.119.Final.jar;C:\Users\abbuz\.m2\repository\io\netty\netty-transport-classes-epoll\4.1.119.Final\netty-transport-classes-epoll-4.1.119.Final.jar;C:\Users\abbuz\.m2\repository\io\netty\netty-resolver\4.1.119.Final\netty-resolver-4.1.119.Final.jar;C:\Users\abbuz\.m2\repository\org\apache\poi\poi-ooxml\5.2.5\poi-ooxml-5.2.5.jar;C:\Users\abbuz\.m2\repository\org\apache\poi\poi\5.2.5\poi-5.2.5.jar;C:\Users\abbuz\.m2\repository\org\apache\commons\commons-math3\3.6.1\commons-math3-3.6.1.jar;C:\Users\abbuz\.m2\repository\com\zaxxer\SparseBitSet\1.3\SparseBitSet-1.3.jar;C:\Users\abbuz\.m2\repository\org\apache\poi\poi-ooxml-lite\5.2.5\poi-ooxml-lite-5.2.5.jar;C:\Users\abbuz\.m2\repository\org\apache\xmlbeans\xmlbeans\5.2.0\xmlbeans-5.2.0.jar;C:\Users\abbuz\.m2\repository\org\apache\commons\commons-compress\1.25.0\commons-compress-1.25.0.jar;C:\Users\abbuz\.m2\repository\commons-io\commons-io\2.15.0\commons-io-2.15.0.jar;C:\Users\abbuz\.m2\repository\com\github\virtuald\curvesapi\1.08\curvesapi-1.08.jar;C:\Users\abbuz\.m2\repository\org\apache\logging\log4j\log4j-api\2.24.3\log4j-api-2.24.3.jar;C:\Users\abbuz\.m2\repository\org\apache\commons\commons-collections4\4.4\commons-collections4-4.4.jar;C:\Users\abbuz\.m2\repository\org\xhtmlrenderer\flying-saucer-pdf-openpdf\9.1.22\flying-saucer-pdf-openpdf-9.1.22.jar;C:\Users\abbuz\.m2\repository\com\github\librepdf\openpdf\1.3.11\openpdf-1.3.11.jar;C:\Users\abbuz\.m2\repository\com\github\albfernandez\juniversalchardet\2.3.0\juniversalchardet-2.3.0.jar;C:\Users\abbuz\.m2\repository\org\xhtmlrenderer\flying-saucer-core\9.1.22\flying-saucer-core-9.1.22.jar;C:\Users\abbuz\.m2\repository\com\mysql\mysql-connector-j\9.1.0\mysql-connector-j-9.1.0.jar;C:\Users\abbuz\.m2\repository\jakarta\xml\bind\jakarta.xml.bind-api\4.0.2\jakarta.xml.bind-api-4.0.2.jar;C:\Users\abbuz\.m2\repository\jakarta\activation\jakarta.activation-api\2.1.3\jakarta.activation-api-2.1.3.jar;C:\Users\abbuz\.m2\repository\org\springframework\spring-core\6.2.5\spring-core-6.2.5.jar;C:\Users\abbuz\.m2\repository\org\springframework\spring-jcl\6.2.5\spring-jcl-6.2.5.jar;C:\Users\abbuz\.m2\repository\org\springframework\security\spring-security-core\6.4.4\spring-security-core-6.4.4.jar;C:\Users\abbuz\.m2\repository\org\springframework\security\spring-security-crypto\6.4.4\spring-security-crypto-6.4.4.jar
Launcher Type: SUN_STANDARD

[Global flags]
     intx CICompilerCount                          = 4                                         {product} {ergonomic}
     uint ConcGCThreads                            = 3                                         {product} {ergonomic}
     uint G1ConcRefinementThreads                  = 10                                        {product} {ergonomic}
   size_t G1HeapRegionSize                         = 2097152                                   {product} {ergonomic}
   size_t InitialHeapSize                          = 264241152                                 {product} {ergonomic}
   size_t MarkStackSize                            = 4194304                                   {product} {ergonomic}
   size_t MarkStackSizeMax                         = 536870912                                 {product} {ergonomic}
   size_t MaxHeapSize                              = 4227858432                                {product} {ergonomic}
   size_t MaxNewSize                               = 2535456768                                {product} {ergonomic}
   size_t MinHeapDeltaBytes                        = 2097152                                   {product} {ergonomic}
   size_t MinHeapSize                              = 8388608                                   {product} {ergonomic}
    uintx NonNMethodCodeHeapSize                   = 4096                                   {pd product} {ergonomic}
    uintx NonProfiledCodeHeapSize                  = 0                                      {pd product} {ergonomic}
     bool ProfileInterpreter                       = false                                  {pd product} {command line}
    uintx ProfiledCodeHeapSize                     = 0                                      {pd product} {ergonomic}
   size_t SoftMaxHeapSize                          = 4227858432                             {manageable} {ergonomic}
     intx TieredStopAtLevel                        = 1                                         {product} {command line}
     bool UseCompressedOops                        = true                           {product lp64_product} {ergonomic}
     bool UseG1GC                                  = true                                      {product} {ergonomic}
     bool UseLargePagesIndividualAllocation        = false                                  {pd product} {ergonomic}

Logging:
Log output configuration:
 #0: stdout all=warning uptime,level,tags foldmultilines=false
 #1: stderr all=off uptime,level,tags foldmultilines=false

Release file:
IMPLEMENTOR="Oracle Corporation" 
JAVA_RUNTIME_VERSION="25.0.1+8-LTS-27" 
JAVA_VERSION="25.0.1" 
JAVA_VERSION_DATE="2025-10-21" 
LIBC="default" 
MODULES="java.base java.compiler java.datatransfer java.xml java.prefs java.desktop java.instrument java.logging java.management java.security.sasl java.naming java.rmi java.management.rmi java.net.http java.scripting java.security.jgss java.transaction.xa java.sql java.sql.rowset java.xml.crypto java.se java.smartcardio jdk.accessibility jdk.internal.jvmstat jdk.attach jdk.charsets jdk.internal.opt jdk.zipfs jdk.compiler jdk.crypto.cryptoki jdk.crypto.ec jdk.crypto.mscapi jdk.dynalink jdk.internal.ed jdk.editpad jdk.internal.vm.ci jdk.graal.compiler jdk.graal.compiler.management jdk.hotspot.agent jdk.httpserver jdk.incubator.vector jdk.internal.le jdk.internal.md jdk.jartool jdk.javadoc jdk.jcmd jdk.management jdk.management.agent jdk.jconsole jdk.jdeps jdk.jdwp.agent jdk.jdi jdk.jfr jdk.jlink jdk.jpackage jdk.jshell jdk.jsobject jdk.jstatd jdk.localedata jdk.management.jfr jdk.naming.dns jdk.naming.rmi jdk.net jdk.nio.mapmode jdk.sctp jdk.security.auth jdk.security.jgss jdk.unsupported jdk.unsupported.desktop jdk.xml.dom" 
OS_ARCH="x86_64" 
OS_NAME="Windows" 
SOURCE=".:git:862c85bc42b7 open:git:78770bfaefd2" 

Environment Variables:
PATH=c:\Users\abbuz\AppData\Roaming\Code\User\globalStorage\github.copilot-chat\debugCommand;c:\Users\abbuz\AppData\Roaming\Code\User\globalStorage\github.copilot-chat\copilotCli;C:\Users\abbuz\AppData\Local\Programs\Microsoft VS Code;C:\Python314\Scripts\;C:\Python314\;C:\Program Files\Common Files\Oracle\Java\javapath;C:\Windows\system32;C:\Windows;C:\Windows\System32\Wbem;C:\Windows\System32\WindowsPowerShell\v1.0\;C:\Windows\System32\OpenSSH\;C:\Program Files (x86)\NVIDIA Corporation\PhysX\Common;C:\Program Files\NVIDIA Corporation\NVIDIA NvDLISR;C:\WINDOWS\system32;C:\WINDOWS;C:\WINDOWS\System32\Wbem;C:\WINDOWS\System32\WindowsPowerShell\v1.0\;C:\WINDOWS\System32\OpenSSH\;C:\Program Files\Git\cmd;C:\Users\abbuz\.local\bin;C:\Program Files\nodejs\;C:\ProgramData\chocolatey\bin;C:\Program Files\MySQL\MySQL Server 8.0\bin;C:\Program Files\Apache\Maven\bin;C:\Program Files\Amazon\AWSCLIV2\;C:\Program Files\Docker\Docker\resources\bin;C:\Program Files\MySQL\MySQL Shell 8.0\bin\;C:\Users\abbuz\AppData\Local\Microsoft\WindowsApps;C:\Users\abbuz\AppData\Local\Programs\Microsoft VS Code\bin;C:\Users\abbuz\AppData\Local\Python\bin;C:\Users\abbuz\AppData\Roaming\npm;C:\Users\abbuz\AppData\Local\Programs\Antigravity\bin;C:\Users\abbuz\AppData\Local\Programs\Windsurf\bin
USERNAME=abbuz
LANG=en_US.UTF-8
OS=Windows_NT
PROCESSOR_IDENTIFIER=Intel64 Family 6 Model 141 Stepping 1, GenuineIntel
TMP=C:\Users\abbuz\AppData\Local\Temp
TEMP=C:\Users\abbuz\AppData\Local\Temp




Compilation memory statistics disabled.

Periodic native trim disabled

---------------  S Y S T E M  ---------------

OS:
 Windows 11 , 64 bit Build 26100 (10.0.26100.8246)
OS uptime: 0 days 4:42 hours
Hyper-V role detected

CPU: total 12 (initial active 12) (6 cores per cpu, 2 threads per core) family 6 model 141 stepping 1 microcode 0x34, cx8, cmov, fxsr, ht, mmx, 3dnowpref, sse, sse2, sse3, ssse3, sse4.1, sse4.2, popcnt, lzcnt, tsc, tscinvbit, avx, avx2, aes, erms, clmul, bmi1, bmi2, adx, avx512f, avx512dq, avx512cd, avx512bw, avx512vl, sha, fma, vzeroupper, avx512_vpopcntdq, avx512_vpclmulqdq, avx512_vaes, avx512_vnni, clflush, clflushopt, clwb, avx512_vbmi2, avx512_vbmi, hv, rdtscp, rdpid, fsrm, gfni, avx512_bitalg, f16c, cet_ibt, cet_ss, avx512_ifma
Processor Information for the first 12 processors :
  Max Mhz: 2688, Current Mhz: 2688, Mhz Limit: 2688

Memory: 4k page, system-wide physical 16122M (1314M free)
TotalPageFile size 32450M (AvailPageFile size 790M)
current process WorkingSet (physical memory assigned to process): 203M, peak: 203M
current process commit charge ("private bytes"): 250M, peak: 385M

vm_info: Java HotSpot(TM) 64-Bit Server VM (25.0.1+8-LTS-27) for windows-amd64 JRE (25.0.1+8-LTS-27), built on 2025-09-25T16:41:16Z with unknown MS VC++:1943

END.
